Longitude,Latitude,Serial_Num,Season,Hurricane Name,ISO_time,Nature,Wind in knots
-85.6,26.5,2005160N17276,2005,ARLENE,6/11/05 1:00,TS,60
-87.2,28.9,2005160N17276,2005,ARLENE,6/11/05 12:00,TS,55
-85.6,26.5,2005160N17276,2005,ARLENE,6/11/05 0:00,TS,60
-87.5,30.1,2005160N17276,2005,ARLENE,6/11/05 18:00,TS,50
-87.5,30.3,2005160N17276,2005,ARLENE,6/11/05 19:00,TS,50
-86.8,27.7,2005160N17276,2005,ARLENE,6/11/05 6:00,TS,60
-87.6,31.4,2005160N17276,2005,ARLENE,6/12/05 0:00,TS,30
-85.1,24.9,2005160N17276,2005,ARLENE,6/10/05 18:00,TS,55
-87.7,32.7,2005160N17276,2005,ARLENE,6/12/05 6:00,TS,25
-84.4,21.2,2005160N17276,2005,ARLENE,6/10/05 6:00,TS,45
-84.5,21.8,2005160N17276,2005,ARLENE,6/10/05 8:00,TS,45
-84.7,23,2005160N17276,2005,ARLENE,6/10/05 12:00,TS,50
-77.6,44.8,2005160N17276,2005,ARLENE,6/14/05 6:00,ET,20
-84.2,20.4,2005160N17276,2005,ARLENE,6/10/05 0:00,TS,40
-84,19,2005160N17276,2005,ARLENE,6/9/05 12:00,TS,35
-84.1,19.7,2005160N17276,2005,ARLENE,6/9/05 18:00,TS,35
-88,35,2005160N17276,2005,ARLENE,6/12/05 12:00,TS,20
-81.1,43.7,2005160N17276,2005,ARLENE,6/14/05 0:00,ET,20
-83.9,17.4,2005160N17276,2005,ARLENE,6/9/05 0:00,TS,30
-83.9,18.2,2005160N17276,2005,ARLENE,6/9/05 6:00,TS,35
-84,16.9,2005160N17276,2005,ARLENE,6/8/05 18:00,TS,25
-87.8,37,2005160N17276,2005,ARLENE,6/12/05 18:00,TS,20
-85,42,2005160N17276,2005,ARLENE,6/13/05 12:00,DS,20
-84,43,2005160N17276,2005,ARLENE,6/13/05 18:00,ET,20
-87.5,38.5,2005160N17276,2005,ARLENE,6/13/05 0:00,TS,20
-86,40.5,2005160N17276,2005,ARLENE,6/13/05 6:00,TS,20
-95.7,19.9,2005180N20265,2005,BRET,6/28/05 22:35,TS,35
-95.8,20,2005180N20265,2005,BRET,6/29/05 0:00,TS,35
-96.4,20.4,2005180N20265,2005,BRET,6/29/05 6:00,TS,35
-97.3,20.8,2005180N20265,2005,BRET,6/29/05 12:00,TS,35
-95.4,19.7,2005180N20265,2005,BRET,6/28/05 18:00,TS,30
-98.1,21.4,2005180N20265,2005,BRET,6/29/05 18:00,TS,25
-98.5,22,2005180N20265,2005,BRET,6/30/05 0:00,TS,25
-90.1,29.2,2005185N18273,2005,CINDY,7/6/05 3:00,TS,65
-90.3,28.5,2005185N18273,2005,CINDY,7/6/05 0:00,TS,65
-90,29.6,2005185N18273,2005,CINDY,7/6/05 6:00,TS,50
-90.5,27.6,2005185N18273,2005,CINDY,7/5/05 18:00,TS,60
-88.9,30.8,2005185N18273,2005,CINDY,7/6/05 12:00,TS,40
-88.1,31.6,2005185N18273,2005,CINDY,7/6/05 18:00,TS,30
-90.4,26.4,2005185N18273,2005,CINDY,7/5/05 12:00,TS,45
-87.2,32.4,2005185N18273,2005,CINDY,7/7/05 0:00,TS,25
-66.4,48,2005185N18273,2005,CINDY,7/10/05 18:00,ET,20
-64.5,48.5,2005185N18273,2005,CINDY,7/11/05 0:00,ET,20
-62.5,48.5,2005185N18273,2005,CINDY,7/11/05 6:00,ET,20
-67.6,46.5,2005185N18273,2005,CINDY,7/10/05 12:00,ET,25
-69.6,43.5,2005185N18273,2005,CINDY,7/9/05 18:00,ET,30
-69.8,44.9,2005185N18273,2005,CINDY,7/10/05 0:00,ET,30
-70,45.5,2005185N18273,2005,CINDY,7/10/05 6:00,ET,30
-87.2,18.6,2005185N18273,2005,CINDY,7/4/05 0:00,TS,30
-87.6,19,2005185N18273,2005,CINDY,7/4/05 3:30,TS,30
-87.9,19.3,2005185N18273,2005,CINDY,7/4/05 6:00,TS,30
-69.8,41.6,2005185N18273,2005,CINDY,7/9/05 12:00,ET,30
-86.2,33.2,2005185N18273,2005,CINDY,7/7/05 6:00,TS,20
-84.1,34.6,2005185N18273,2005,CINDY,7/7/05 12:00,ET,20
-76.7,38.4,2005185N18273,2005,CINDY,7/8/05 12:00,ET,25
-74.8,39.1,2005185N18273,2005,CINDY,7/8/05 18:00,ET,25
-72,39.5,2005185N18273,2005,CINDY,7/9/05 0:00,ET,25
-70.7,40.8,2005185N18273,2005,CINDY,7/9/05 6:00,ET,25
-86.7,18.3,2005185N18273,2005,CINDY,7/3/05 18:00,TS,30
-89.7,23.9,2005185N18273,2005,CINDY,7/5/05 0:00,TS,30
-90.2,25.1,2005185N18273,2005,CINDY,7/5/05 6:00,TS,35
-81.8,35.6,2005185N18273,2005,CINDY,7/7/05 18:00,ET,20
-80,37.1,2005185N18273,2005,CINDY,7/8/05 0:00,ET,20
-78.3,37.8,2005185N18273,2005,CINDY,7/8/05 6:00,ET,20
-89,22.3,2005185N18273,2005,CINDY,7/4/05 18:00,TS,30
-88.5,20.9,2005185N18273,2005,CINDY,7/4/05 12:00,TS,25
-86.3,28.5,2005186N12299,2005,DENNIS,7/10/05 12:00,TS,120
-85.8,27.2,2005186N12299,2005,DENNIS,7/10/05 6:00,TS,125
-79.5,20.9,2005186N12299,2005,DENNIS,7/8/05 12:00,TS,130
-80.6,22,2005186N12299,2005,DENNIS,7/8/05 18:00,TS,120
-80.7,22.1,2005186N12299,2005,DENNIS,7/8/05 18:45,TS,120
-85,26.1,2005186N12299,2005,DENNIS,7/10/05 0:00,TS,110
-86.9,29.9,2005186N12299,2005,DENNIS,7/10/05 18:00,TS,110
-87.1,30.4,2005186N12299,2005,DENNIS,7/10/05 19:30,TS,105
-77.1,19.4,2005186N12299,2005,DENNIS,7/8/05 0:00,TS,120
-78.4,20.3,2005186N12299,2005,DENNIS,7/8/05 6:00,TS,110
-77.6,19.9,2005186N12299,2005,DENNIS,7/8/05 2:45,TS,120
-76.1,18.5,2005186N12299,2005,DENNIS,7/7/05 18:00,TS,100
-81.6,22.7,2005186N12299,2005,DENNIS,7/9/05 0:00,TS,100
-84.2,25.2,2005186N12299,2005,DENNIS,7/9/05 18:00,TS,90
-83.4,24.3,2005186N12299,2005,DENNIS,7/9/05 12:00,TS,80
-74.9,17.6,2005186N12299,2005,DENNIS,7/7/05 12:00,TS,90
-87.7,31.5,2005186N12299,2005,DENNIS,7/11/05 0:00,TS,45
-74.1,16.7,2005186N12299,2005,DENNIS,7/7/05 6:00,TS,80
-82.5,23.4,2005186N12299,2005,DENNIS,7/9/05 6:00,TS,75
-73,16.2,2005186N12299,2005,DENNIS,7/7/05 0:00,TS,70
-71.9,15.6,2005186N12299,2005,DENNIS,7/6/05 18:00,TS,60
-88.5,32.6,2005186N12299,2005,DENNIS,7/11/05 6:00,TS,30
-70.9,15.1,2005186N12299,2005,DENNIS,7/6/05 12:00,TS,55
-69.7,14.7,2005186N12299,2005,DENNIS,7/6/05 6:00,TS,50
-88.8,33.9,2005186N12299,2005,DENNIS,7/11/05 12:00,TS,25
-68.5,14.3,2005186N12299,2005,DENNIS,7/6/05 0:00,TS,45
-89.1,35.3,2005186N12299,2005,DENNIS,7/11/05 18:00,TS,20
-89.2,36.4,2005186N12299,2005,DENNIS,7/12/05 0:00,TS,20
-89,37.1,2005186N12299,2005,DENNIS,7/12/05 6:00,TS,15
-67.3,13.6,2005186N12299,2005,DENNIS,7/5/05 18:00,TS,40
-88.7,37.7,2005186N12299,2005,DENNIS,7/12/05 12:00,TS,15
-65.9,13,2005186N12299,2005,DENNIS,7/5/05 12:00,TS,35
-88.3,38.1,2005186N12299,2005,DENNIS,7/12/05 18:00,TS,15
-64.2,12.5,2005186N12299,2005,DENNIS,7/5/05 6:00,TS,30
-85.7,39.2,2005186N12299,2005,DENNIS,7/14/05 0:00,DS,10
-85.6,39,2005186N12299,2005,DENNIS,7/14/05 6:00,DS,10
-85.8,38.1,2005186N12299,2005,DENNIS,7/15/05 0:00,DS,10
-79.8,45.8,2005186N12299,2005,DENNIS,7/18/05 6:00,DS,10
-87.8,38.5,2005186N12299,2005,DENNIS,7/13/05 0:00,TS,15
-62.5,12.2,2005186N12299,2005,DENNIS,7/5/05 0:00,TS,30
-85.6,38.7,2005186N12299,2005,DENNIS,7/14/05 12:00,DS,10
-85.6,38.4,2005186N12299,2005,DENNIS,7/14/05 18:00,DS,10
-86.2,37.9,2005186N12299,2005,DENNIS,7/15/05 6:00,DS,10
-80.5,44.6,2005186N12299,2005,DENNIS,7/18/05 0:00,DS,10
-87.2,38.9,2005186N12299,2005,DENNIS,7/13/05 6:00,TS,15
-86.5,39.2,2005186N12299,2005,DENNIS,7/13/05 12:00,DS,15
-85.8,39.2,2005186N12299,2005,DENNIS,7/13/05 18:00,DS,15
-60.8,12,2005186N12299,2005,DENNIS,7/4/05 18:00,TS,25
-61.6,12.1,2005186N12299,2005,DENNIS,7/4/05 21:00,TS,30
-86.8,38.6,2005186N12299,2005,DENNIS,7/16/05 0:00,DS,10
-86.4,38.1,2005186N12299,2005,DENNIS,7/15/05 12:00,DS,10
-86.6,38.4,2005186N12299,2005,DENNIS,7/15/05 18:00,DS,10
-81.4,43.9,2005186N12299,2005,DENNIS,7/17/05 18:00,DS,10
-86.5,39.4,2005186N12299,2005,DENNIS,7/16/05 6:00,DS,10
-86.2,40.2,2005186N12299,2005,DENNIS,7/16/05 12:00,DS,10
-84.1,41.3,2005186N12299,2005,DENNIS,7/17/05 0:00,DS,10
-83.2,42.2,2005186N12299,2005,DENNIS,7/17/05 6:00,DS,10
-82.3,43.1,2005186N12299,2005,DENNIS,7/17/05 12:00,DS,10
-85.2,40.8,2005186N12299,2005,DENNIS,7/16/05 18:00,DS,10
-79.5,17.1,2005192N11318,2005,EMILY,7/17/05 0:00,TS,140
-78,16.4,2005192N11318,2005,EMILY,7/16/05 18:00,TS,135
-81.2,17.7,2005192N11318,2005,EMILY,7/17/05 6:00,TS,135
-96.9,24.6,2005192N11318,2005,EMILY,7/20/05 6:00,TS,110
-97.6,24.8,2005192N11318,2005,EMILY,7/20/05 12:00,TS,110
-76.5,15.9,2005192N11318,2005,EMILY,7/16/05 12:00,TS,130
-82.8,18.3,2005192N11318,2005,EMILY,7/17/05 12:00,TS,130
-96.1,24.4,2005192N11318,2005,EMILY,7/20/05 0:00,TS,110
-84.3,18.9,2005192N11318,2005,EMILY,7/17/05 18:00,TS,125
-85.8,19.5,2005192N11318,2005,EMILY,7/18/05 0:00,TS,120
-68.4,13.7,2005192N11318,2005,EMILY,7/15/05 6:00,TS,115
-75,15.4,2005192N11318,2005,EMILY,7/16/05 6:00,TS,120
-87.3,20.3,2005192N11318,2005,EMILY,7/18/05 6:00,TS,115
-87.4,20.3,2005192N11318,2005,EMILY,7/18/05 6:30,TS,115
-73.4,14.9,2005192N11318,2005,EMILY,7/16/05 0:00,TS,110
-95.1,24.1,2005192N11318,2005,EMILY,7/19/05 18:00,TS,85
-66.7,13.3,2005192N11318,2005,EMILY,7/15/05 0:00,TS,110
-70.1,14.1,2005192N11318,2005,EMILY,7/15/05 12:00,TS,115
-71.8,14.5,2005192N11318,2005,EMILY,7/15/05 18:00,TS,95
-64.9,12.9,2005192N11318,2005,EMILY,7/14/05 18:00,TS,100
-88.9,21.3,2005192N11318,2005,EMILY,7/18/05 12:00,TS,65
-98.7,25,2005192N11318,2005,EMILY,7/20/05 18:00,TS,70
-94,23.7,2005192N11318,2005,EMILY,7/19/05 12:00,TS,80
-92.8,23.2,2005192N11318,2005,EMILY,7/19/05 6:00,TS,80
-63.2,12.4,2005192N11318,2005,EMILY,7/14/05 12:00,TS,85
-91.5,22.6,2005192N11318,2005,EMILY,7/19/05 0:00,TS,75
-90.3,22,2005192N11318,2005,EMILY,7/18/05 18:00,TS,65
-61.8,12,2005192N11318,2005,EMILY,7/14/05 7:00,TS,75
-61.5,11.9,2005192N11318,2005,EMILY,7/14/05 6:00,TS,75
-99.7,25,2005192N11318,2005,EMILY,7/21/05 0:00,TS,45
-60.2,11.6,2005192N11318,2005,EMILY,7/14/05 0:00,TS,70
-100.5,25,2005192N11318,2005,EMILY,7/21/05 6:00,TS,30
-53.7,11,2005192N11318,2005,EMILY,7/13/05 0:00,TS,45
-55.4,11.1,2005192N11318,2005,EMILY,7/13/05 6:00,TS,45
-57.2,11.2,2005192N11318,2005,EMILY,7/13/05 12:00,TS,50
-58.9,11.4,2005192N11318,2005,EMILY,7/13/05 18:00,TS,55
-50.2,11,2005192N11318,2005,EMILY,7/12/05 12:00,TS,45
-52,11,2005192N11318,2005,EMILY,7/12/05 18:00,TS,45
-48.5,11,2005192N11318,2005,EMILY,7/12/05 6:00,TS,40
-46.8,11,2005192N11318,2005,EMILY,7/12/05 0:00,TS,35
-101.1,25,2005192N11318,2005,EMILY,7/21/05 12:00,TS,25
-45.4,11,2005192N11318,2005,EMILY,7/11/05 18:00,TS,30
-43.4,10.8,2005192N11318,2005,EMILY,7/11/05 6:00,TS,30
-44.4,10.9,2005192N11318,2005,EMILY,7/11/05 12:00,TS,30
-42.4,10.7,2005192N11318,2005,EMILY,7/11/05 0:00,TS,25
-69.4,34.2,2005203N25285,2005,FRANKLIN,7/28/05 0:00,TS,50
-69.3,35,2005203N25285,2005,FRANKLIN,7/28/05 6:00,TS,50
-68,37.1,2005203N25285,2005,FRANKLIN,7/28/05 18:00,TS,50
-66.6,38.4,2005203N25285,2005,FRANKLIN,7/29/05 0:00,TS,50
-64.8,39.6,2005203N25285,2005,FRANKLIN,7/29/05 6:00,TS,50
-62.8,40.8,2005203N25285,2005,FRANKLIN,7/29/05 12:00,TS,50
-69.8,30.9,2005203N25285,2005,FRANKLIN,7/25/05 12:00,TS,40
-69.6,30.9,2005203N25285,2005,FRANKLIN,7/25/05 18:00,TS,40
-69.1,33.2,2005203N25285,2005,FRANKLIN,7/27/05 12:00,TS,45
-69.3,33.6,2005203N25285,2005,FRANKLIN,7/27/05 18:00,TS,45
-69.1,36,2005203N25285,2005,FRANKLIN,7/28/05 12:00,TS,45
-60.2,42.2,2005203N25285,2005,FRANKLIN,7/29/05 18:00,TS,50
-68.6,30.9,2005203N25285,2005,FRANKLIN,7/26/05 0:00,TS,35
-71.2,31.1,2005203N25285,2005,FRANKLIN,7/25/05 0:00,TS,40
-70.5,31,2005203N25285,2005,FRANKLIN,7/25/05 6:00,TS,40
-68.5,32.4,2005203N25285,2005,FRANKLIN,7/27/05 0:00,TS,40
-68.8,32.8,2005203N25285,2005,FRANKLIN,7/27/05 6:00,TS,40
-71.2,31.1,2005203N25285,2005,FRANKLIN,7/24/05 18:00,TS,45
-68.2,31.2,2005203N25285,2005,FRANKLIN,7/26/05 6:00,TS,35
-68.3,32.2,2005203N25285,2005,FRANKLIN,7/26/05 18:00,TS,35
-71.9,30.7,2005203N25285,2005,FRANKLIN,7/24/05 12:00,TS,45
-76.1,28.7,2005203N25285,2005,FRANKLIN,7/23/05 6:00,TS,50
-57.5,43.5,2005203N25285,2005,FRANKLIN,7/30/05 0:00,ET,50
-73.5,30.1,2005203N25285,2005,FRANKLIN,7/24/05 0:00,TS,55
-72.6,30.3,2005203N25285,2005,FRANKLIN,7/24/05 6:00,TS,55
-75.4,29.2,2005203N25285,2005,FRANKLIN,7/23/05 12:00,TS,60
-74.7,29.7,2005203N25285,2005,FRANKLIN,7/23/05 18:00,TS,60
-68.1,31.7,2005203N25285,2005,FRANKLIN,7/26/05 12:00,TS,35
-76.6,28.1,2005203N25285,2005,FRANKLIN,7/23/05 0:00,TS,45
-54.6,44.7,2005203N25285,2005,FRANKLIN,7/30/05 6:00,ET,45
-51.7,45.8,2005203N25285,2005,FRANKLIN,7/30/05 12:00,ET,40
-48.8,46.4,2005203N25285,2005,FRANKLIN,7/30/05 18:00,ET,40
-46,47.5,2005203N25285,2005,FRANKLIN,7/31/05 0:00,ET,40
-76.7,27.4,2005203N25285,2005,FRANKLIN,7/22/05 18:00,TS,45
-76.8,26.6,2005203N25285,2005,FRANKLIN,7/22/05 12:00,TS,45
-76.4,26.2,2005203N25285,2005,FRANKLIN,7/22/05 6:00,TS,40
-75.9,25.7,2005203N25285,2005,FRANKLIN,7/22/05 0:00,TS,40
-75,25,2005203N25285,2005,FRANKLIN,7/21/05 18:00,TS,30
-97.6,21.8,2005205N19267,2005,GERT,7/25/05 0:00,TS,40
-100,22.5,2005205N19267,2005,GERT,7/25/05 12:00,TS,25
-98.6,22.3,2005205N19267,2005,GERT,7/25/05 6:00,TS,30
-101.4,22.5,2005205N19267,2005,GERT,7/25/05 18:00,DS,20
-96.6,21.4,2005205N19267,2005,GERT,7/24/05 18:00,TS,35
-95.8,21,2005205N19267,2005,GERT,7/24/05 12:00,TS,35
-93.8,19.8,2005205N19267,2005,GERT,7/24/05 0:00,TS,30
-95,20.8,2005205N19267,2005,GERT,7/24/05 6:00,TS,35
-92.9,19.3,2005205N19267,2005,GERT,7/23/05 18:00,TS,25
-39,43,2005215N28291,2005,HARVEY,8/9/05 18:00,ET,50
-37.1,44,2005215N28291,2005,HARVEY,8/10/05 0:00,ET,50
-35.2,44.5,2005215N28291,2005,HARVEY,8/10/05 6:00,ET,50
-34.1,44.5,2005215N28291,2005,HARVEY,8/10/05 12:00,ET,50
-33.1,44.4,2005215N28291,2005,HARVEY,8/10/05 18:00,ET,50
-62.1,32,2005215N28291,2005,HARVEY,8/4/05 18:00,TS,55
-60.5,32.1,2005215N28291,2005,HARVEY,8/5/05 0:00,TS,55
-59.4,32.4,2005215N28291,2005,HARVEY,8/5/05 6:00,TS,55
-65,31.6,2005215N28291,2005,HARVEY,8/4/05 6:00,TS,50
-63.6,31.9,2005215N28291,2005,HARVEY,8/4/05 12:00,TS,50
-58.5,32.5,2005215N28291,2005,HARVEY,8/5/05 12:00,TS,50
-56.8,33,2005215N28291,2005,HARVEY,8/6/05 6:00,TS,50
-56.7,33.5,2005215N28291,2005,HARVEY,8/6/05 12:00,TS,50
-56.7,33.5,2005215N28291,2005,HARVEY,8/6/05 18:00,TS,50
-55.5,34.1,2005215N28291,2005,HARVEY,8/7/05 0:00,TS,50
-54.9,35.1,2005215N28291,2005,HARVEY,8/7/05 6:00,TS,50
-43,41.8,2005215N28291,2005,HARVEY,8/9/05 6:00,ET,50
-41.1,42.3,2005215N28291,2005,HARVEY,8/9/05 12:00,ET,50
-57.7,32.5,2005215N28291,2005,HARVEY,8/5/05 18:00,TS,45
-57.1,32.6,2005215N28291,2005,HARVEY,8/6/05 0:00,TS,45
-45,41.2,2005215N28291,2005,HARVEY,8/9/05 0:00,ET,45
-32.2,44.2,2005215N28291,2005,HARVEY,8/11/05 0:00,ET,45
-66.4,31.3,2005215N28291,2005,HARVEY,8/4/05 0:00,TS,50
-54,36,2005215N28291,2005,HARVEY,8/7/05 12:00,TS,45
-52.9,36.8,2005215N28291,2005,HARVEY,8/7/05 18:00,TS,45
-51.9,37.6,2005215N28291,2005,HARVEY,8/8/05 0:00,TS,45
-50.7,38.6,2005215N28291,2005,HARVEY,8/8/05 6:00,TS,45
-48.6,39.6,2005215N28291,2005,HARVEY,8/8/05 12:00,TS,45
-46.9,40.4,2005215N28291,2005,HARVEY,8/8/05 18:00,TS,45
-67.7,30.9,2005215N28291,2005,HARVEY,8/3/05 18:00,TS,50
-31.5,43.9,2005215N28291,2005,HARVEY,8/11/05 6:00,ET,40
-68.3,30.3,2005215N28291,2005,HARVEY,8/3/05 12:00,TS,45
-31,43.5,2005215N28291,2005,HARVEY,8/11/05 12:00,ET,35
-68.6,29.5,2005215N28291,2005,HARVEY,8/3/05 6:00,TS,40
-68.7,28.9,2005215N28291,2005,HARVEY,8/3/05 0:00,TS,30
-30.7,43.3,2005215N28291,2005,HARVEY,8/11/05 18:00,ET,30
-68.8,28.2,2005215N28291,2005,HARVEY,8/2/05 18:00,TS,30
-30.5,43,2005215N28291,2005,HARVEY,8/12/05 0:00,ET,30
-30.8,42.5,2005215N28291,2005,HARVEY,8/12/05 6:00,ET,30
-31.4,42,2005215N28291,2005,HARVEY,8/12/05 12:00,ET,30
-31.5,41.3,2005215N28291,2005,HARVEY,8/12/05 18:00,DS,25
-31.5,40.7,2005215N28291,2005,HARVEY,8/13/05 0:00,DS,25
-31.5,40.5,2005215N28291,2005,HARVEY,8/13/05 6:00,DS,25
-31.5,40.5,2005215N28291,2005,HARVEY,8/13/05 12:00,DS,25
-32,41.2,2005215N28291,2005,HARVEY,8/13/05 18:00,DS,25
-32.5,42,2005215N28291,2005,HARVEY,8/14/05 0:00,DS,25
-62,36.5,2005217N13327,2005,IRENE,8/16/05 18:00,TS,90
-63,36.6,2005217N13327,2005,IRENE,8/16/05 12:00,TS,85
-64,36.6,2005217N13327,2005,IRENE,8/16/05 6:00,TS,80
-61.3,36.5,2005217N13327,2005,IRENE,8/17/05 0:00,TS,80
-66.5,36.5,2005217N13327,2005,IRENE,8/15/05 18:00,TS,80
-65.1,36.6,2005217N13327,2005,IRENE,8/16/05 0:00,TS,80
-60.6,36.5,2005217N13327,2005,IRENE,8/17/05 6:00,TS,75
-68.7,35.7,2005217N13327,2005,IRENE,8/15/05 6:00,TS,75
-67.7,36.3,2005217N13327,2005,IRENE,8/15/05 12:00,TS,75
-59.1,36.9,2005217N13327,2005,IRENE,8/17/05 12:00,TS,65
-57.3,37.6,2005217N13327,2005,IRENE,8/17/05 18:00,TS,65
-69.5,34.9,2005217N13327,2005,IRENE,8/15/05 0:00,TS,70
-55,38.6,2005217N13327,2005,IRENE,8/18/05 0:00,TS,60
-52.3,40.3,2005217N13327,2005,IRENE,8/18/05 6:00,TS,60
-48.9,43.3,2005217N13327,2005,IRENE,8/18/05 12:00,TS,50
-67.7,28.9,2005217N13327,2005,IRENE,8/13/05 0:00,TS,60
-70,34,2005217N13327,2005,IRENE,8/14/05 18:00,TS,60
-67.1,28.4,2005217N13327,2005,IRENE,8/12/05 18:00,TS,55
-66.3,27.9,2005217N13327,2005,IRENE,8/12/05 12:00,TS,55
-68.2,29.6,2005217N13327,2005,IRENE,8/13/05 6:00,TS,60
-69,30,2005217N13327,2005,IRENE,8/13/05 12:00,TS,60
-69.9,31.6,2005217N13327,2005,IRENE,8/14/05 0:00,TS,60
-65.1,27.2,2005217N13327,2005,IRENE,8/12/05 6:00,TS,55
-70.2,32.1,2005217N13327,2005,IRENE,8/14/05 6:00,TS,55
-70.1,33.1,2005217N13327,2005,IRENE,8/14/05 12:00,TS,55
-69.4,30.8,2005217N13327,2005,IRENE,8/13/05 18:00,TS,60
-61.7,24.7,2005217N13327,2005,IRENE,8/11/05 12:00,TS,45
-62.9,25.4,2005217N13327,2005,IRENE,8/11/05 18:00,TS,45
-63.8,26.3,2005217N13327,2005,IRENE,8/12/05 0:00,TS,45
-60.4,23.9,2005217N13327,2005,IRENE,8/11/05 6:00,TS,40
-45,20.2,2005217N13327,2005,IRENE,8/7/05 12:00,TS,35
-46,20.8,2005217N13327,2005,IRENE,8/7/05 18:00,TS,35
-47.2,21.3,2005217N13327,2005,IRENE,8/8/05 0:00,TS,35
-59.3,23.3,2005217N13327,2005,IRENE,8/11/05 0:00,TS,35
-48.3,21.8,2005217N13327,2005,IRENE,8/8/05 6:00,TS,35
-44.2,19.7,2005217N13327,2005,IRENE,8/7/05 6:00,TS,30
-36.8,15.6,2005217N13327,2005,IRENE,8/5/05 12:00,TS,30
-38.4,16.6,2005217N13327,2005,IRENE,8/5/05 18:00,TS,30
-39.8,17.2,2005217N13327,2005,IRENE,8/6/05 0:00,TS,30
-40.5,17.7,2005217N13327,2005,IRENE,8/6/05 6:00,TS,30
-41.6,18.2,2005217N13327,2005,IRENE,8/6/05 12:00,TS,30
-42.8,18.8,2005217N13327,2005,IRENE,8/6/05 18:00,TS,30
-43.5,19.3,2005217N13327,2005,IRENE,8/7/05 0:00,TS,30
-58.1,22.8,2005217N13327,2005,IRENE,8/10/05 18:00,TS,30
-33.5,12.9,2005217N13327,2005,IRENE,8/4/05 18:00,TS,25
-34.5,13.6,2005217N13327,2005,IRENE,8/5/05 0:00,TS,25
-35.5,14.6,2005217N13327,2005,IRENE,8/5/05 6:00,TS,25
-49.9,22.2,2005217N13327,2005,IRENE,8/8/05 12:00,TS,30
-50.9,22.4,2005217N13327,2005,IRENE,8/8/05 18:00,TS,30
-52,22.5,2005217N13327,2005,IRENE,8/9/05 0:00,TS,30
-52.9,22.4,2005217N13327,2005,IRENE,8/9/05 6:00,TS,30
-53.7,22.4,2005217N13327,2005,IRENE,8/9/05 12:00,TS,30
-54.8,22.4,2005217N13327,2005,IRENE,8/9/05 18:00,TS,30
-55.7,22.4,2005217N13327,2005,IRENE,8/10/05 0:00,TS,30
-56.5,22.3,2005217N13327,2005,IRENE,8/10/05 6:00,TS,30
-57.2,22.4,2005217N13327,2005,IRENE,8/10/05 12:00,TS,30
-44.7,13.8,2005226N13316,2005,TEN,8/13/05 18:00,TS,30
-45.7,13.8,2005226N13316,2005,TEN,8/14/05 0:00,TS,30
-43.6,13.3,2005226N13316,2005,TEN,8/13/05 12:00,TS,25
-46,13.4,2005226N13316,2005,TEN,8/14/05 6:00,TS,25
-46.4,13.5,2005226N13316,2005,TEN,8/14/05 12:00,TS,25
-46.7,13.9,2005226N13316,2005,TEN,8/14/05 18:00,DS,25
-47.4,14.4,2005226N13316,2005,TEN,8/15/05 0:00,DS,25
-48.4,14.5,2005226N13316,2005,TEN,8/15/05 6:00,DS,25
-49.3,14.6,2005226N13316,2005,TEN,8/15/05 12:00,DS,25
-49.9,14.8,2005226N13316,2005,TEN,8/15/05 18:00,DS,25
-50.4,15.1,2005226N13316,2005,TEN,8/16/05 0:00,DS,25
-51.1,15.5,2005226N13316,2005,TEN,8/16/05 6:00,DS,25
-52,16,2005226N13316,2005,TEN,8/16/05 12:00,DS,25
-53.2,16.1,2005226N13316,2005,TEN,8/16/05 18:00,DS,25
-54.1,16.1,2005226N13316,2005,TEN,8/17/05 0:00,DS,25
-54.9,16.1,2005226N13316,2005,TEN,8/17/05 6:00,DS,25
-55.6,16.7,2005226N13316,2005,TEN,8/17/05 12:00,DS,25
-56.6,17.1,2005226N13316,2005,TEN,8/17/05 18:00,DS,25
-57.7,17.3,2005226N13316,2005,TEN,8/18/05 0:00,DS,25
-58.9,17.6,2005226N13316,2005,TEN,8/18/05 6:00,DS,25
-60.1,18,2005226N13316,2005,TEN,8/18/05 12:00,DS,25
-96.4,19.7,2005235N19266,2005,JOSE,8/23/05 3:30,TS,50
-95.7,19.7,2005235N19266,2005,JOSE,8/23/05 0:00,TS,45
-96.7,19.7,2005235N19266,2005,JOSE,8/23/05 6:00,TS,35
-95,19.6,2005235N19266,2005,JOSE,8/22/05 18:00,TS,35
-97.7,19.7,2005235N19266,2005,JOSE,8/23/05 12:00,TS,25
-94.5,19.4,2005235N19266,2005,JOSE,8/22/05 12:00,TS,30
-88.6,26.3,2005236N23285,2005,KATRINA,8/28/05 18:00,TS,150
-89.2,27.2,2005236N23285,2005,KATRINA,8/29/05 0:00,TS,140
-87.7,25.7,2005236N23285,2005,KATRINA,8/28/05 12:00,TS,145
-89.6,28.2,2005236N23285,2005,KATRINA,8/29/05 6:00,TS,125
-89.6,29.3,2005236N23285,2005,KATRINA,8/29/05 11:10,TS,110
-89.6,29.5,2005236N23285,2005,KATRINA,8/29/05 12:00,TS,110
-89.6,30.2,2005236N23285,2005,KATRINA,8/29/05 14:45,TS,105
-86.7,25.2,2005236N23285,2005,KATRINA,8/28/05 6:00,TS,125
-85.9,24.8,2005236N23285,2005,KATRINA,8/28/05 0:00,TS,100
-84.7,24.4,2005236N23285,2005,KATRINA,8/27/05 12:00,TS,100
-89.6,31.1,2005236N23285,2005,KATRINA,8/29/05 18:00,TS,80
-85.3,24.5,2005236N23285,2005,KATRINA,8/27/05 18:00,TS,100
-84,24.4,2005236N23285,2005,KATRINA,8/27/05 6:00,TS,95
-83.3,24.6,2005236N23285,2005,KATRINA,8/27/05 0:00,TS,90
-89.1,32.6,2005236N23285,2005,KATRINA,8/30/05 0:00,TS,50
-82.6,24.9,2005236N23285,2005,KATRINA,8/26/05 18:00,TS,85
-88.6,34.1,2005236N23285,2005,KATRINA,8/30/05 6:00,TS,40
-82,25.1,2005236N23285,2005,KATRINA,8/26/05 12:00,TS,75
-80.3,25.9,2005236N23285,2005,KATRINA,8/26/05 0:00,TS,70
-80.1,26,2005236N23285,2005,KATRINA,8/25/05 22:30,TS,70
-88,35.6,2005236N23285,2005,KATRINA,8/30/05 12:00,TS,30
-81.3,25.4,2005236N23285,2005,KATRINA,8/26/05 6:00,TS,65
-79.6,26.2,2005236N23285,2005,KATRINA,8/25/05 18:00,TS,60
-87,37,2005236N23285,2005,KATRINA,8/30/05 18:00,TS,30
-85.3,38.6,2005236N23285,2005,KATRINA,8/31/05 0:00,ET,30
-79,26.2,2005236N23285,2005,KATRINA,8/25/05 12:00,TS,55
-82.9,40.1,2005236N23285,2005,KATRINA,8/31/05 6:00,ET,25
-78.4,26.1,2005236N23285,2005,KATRINA,8/25/05 6:00,TS,50
-77.7,26,2005236N23285,2005,KATRINA,8/25/05 0:00,TS,45
-76.9,25.4,2005236N23285,2005,KATRINA,8/24/05 18:00,TS,40
-76.5,24.5,2005236N23285,2005,KATRINA,8/24/05 12:00,TS,35
-75.7,23.4,2005236N23285,2005,KATRINA,8/24/05 0:00,TS,30
-76.2,23.8,2005236N23285,2005,KATRINA,8/24/05 6:00,TS,30
-75.1,23.1,2005236N23285,2005,KATRINA,8/23/05 18:00,TS,30
-50.4,29,2005241N14315,2005,LEE,8/31/05 12:00,TS,35
-46.4,14.9,2005241N14315,2005,LEE,8/28/05 18:00,TS,25
-47.6,15.7,2005241N14315,2005,LEE,8/29/05 0:00,TS,25
-48.9,17,2005241N14315,2005,LEE,8/29/05 6:00,TS,25
-51.6,28,2005241N14315,2005,LEE,8/31/05 6:00,TS,30
-50.1,30.1,2005241N14315,2005,LEE,8/31/05 18:00,TS,35
-50.6,17.7,2005241N14315,2005,LEE,8/29/05 12:00,TS,25
-52.5,18.5,2005241N14315,2005,LEE,8/29/05 18:00,DS,20
-45.1,14,2005241N14315,2005,LEE,8/28/05 12:00,TS,25
-50.3,31.1,2005241N14315,2005,LEE,9/1/05 0:00,TS,30
-53.2,20.5,2005241N14315,2005,LEE,8/30/05 0:00,DS,20
-53.6,22.1,2005241N14315,2005,LEE,8/30/05 6:00,DS,20
-54.2,24.2,2005241N14315,2005,LEE,8/30/05 12:00,DS,20
-53.6,25.5,2005241N14315,2005,LEE,8/30/05 18:00,DS,25
-52.7,26.9,2005241N14315,2005,LEE,8/31/05 0:00,DS,25
-52,32.4,2005241N14315,2005,LEE,9/2/05 0:00,TS,25
-52.3,32.6,2005241N14315,2005,LEE,9/2/05 6:00,DS,25
-52.3,33.2,2005241N14315,2005,LEE,9/2/05 12:00,DS,25
-52.7,33.9,2005241N14315,2005,LEE,9/2/05 18:00,DS,25
-53.2,34.7,2005241N14315,2005,LEE,9/3/05 0:00,DS,25
-53.9,35.5,2005241N14315,2005,LEE,9/3/05 6:00,DS,25
-54.2,36.6,2005241N14315,2005,LEE,9/3/05 12:00,DS,25
-53.9,37.4,2005241N14315,2005,LEE,9/3/05 18:00,DS,25
-51.2,31.9,2005241N14315,2005,LEE,9/1/05 6:00,TS,30
-51.4,31.9,2005241N14315,2005,LEE,9/1/05 12:00,TS,30
-51.5,32.3,2005241N14315,2005,LEE,9/1/05 18:00,TS,30
-31,55.5,2005245N19315,2005,MARIA,9/12/05 0:00,ET,65
-56.6,32.6,2005245N19315,2005,MARIA,9/6/05 0:00,TS,100
-29,57,2005245N19315,2005,MARIA,9/12/05 6:00,ET,65
-32,54,2005245N19315,2005,MARIA,9/11/05 18:00,ET,65
-26,58.5,2005245N19315,2005,MARIA,9/12/05 12:00,ET,65
-56.7,32.1,2005245N19315,2005,MARIA,9/5/05 18:00,TS,90
-56.5,33,2005245N19315,2005,MARIA,9/6/05 6:00,TS,90
-32.9,52,2005245N19315,2005,MARIA,9/11/05 12:00,ET,65
-23,61,2005245N19315,2005,MARIA,9/12/05 18:00,ET,60
-21,62,2005245N19315,2005,MARIA,9/13/05 0:00,ET,55
-34,50,2005245N19315,2005,MARIA,9/11/05 6:00,ET,60
-36.3,46,2005245N19315,2005,MARIA,9/10/05 18:00,ET,55
-35,48,2005245N19315,2005,MARIA,9/11/05 0:00,ET,60
-56,33.5,2005245N19315,2005,MARIA,9/6/05 12:00,TS,80
-56.8,31.5,2005245N19315,2005,MARIA,9/5/05 12:00,TS,85
-19,62.9,2005245N19315,2005,MARIA,9/13/05 6:00,ET,50
-56.8,30.9,2005245N19315,2005,MARIA,9/5/05 6:00,TS,80
-16,63.5,2005245N19315,2005,MARIA,9/13/05 12:00,ET,45
-37.7,44.5,2005245N19315,2005,MARIA,9/10/05 12:00,ET,50
-56,29.6,2005245N19315,2005,MARIA,9/4/05 18:00,TS,75
-56.5,30.2,2005245N19315,2005,MARIA,9/5/05 0:00,TS,75
-55.4,33.9,2005245N19315,2005,MARIA,9/6/05 18:00,TS,75
-51.8,35.6,2005245N19315,2005,MARIA,9/7/05 12:00,TS,75
-50.8,36.5,2005245N19315,2005,MARIA,9/7/05 18:00,TS,75
-49.9,37.2,2005245N19315,2005,MARIA,9/8/05 0:00,TS,70
-10,63,2005245N19315,2005,MARIA,9/13/05 18:00,ET,45
-53.3,34.8,2005245N19315,2005,MARIA,9/7/05 6:00,TS,70
0,63,2005245N19315,2005,MARIA,9/14/05 0:00,ET,45
-49,37.9,2005245N19315,2005,MARIA,9/8/05 6:00,TS,65
-48,38.7,2005245N19315,2005,MARIA,9/8/05 12:00,TS,65
-47.2,39.1,2005245N19315,2005,MARIA,9/8/05 18:00,TS,65
-44.9,39.8,2005245N19315,2005,MARIA,9/9/05 6:00,TS,55
-46.4,39.4,2005245N19315,2005,MARIA,9/9/05 0:00,TS,60
-55.1,27.5,2005245N19315,2005,MARIA,9/4/05 6:00,TS,65
-55.5,28.6,2005245N19315,2005,MARIA,9/4/05 12:00,TS,65
-54.6,34.4,2005245N19315,2005,MARIA,9/7/05 0:00,TS,65
-42.1,41.1,2005245N19315,2005,MARIA,9/9/05 18:00,TS,50
-40.6,41.9,2005245N19315,2005,MARIA,9/10/05 0:00,TS,50
-39.2,42.9,2005245N19315,2005,MARIA,9/10/05 6:00,TS,50
-43.4,40.4,2005245N19315,2005,MARIA,9/9/05 12:00,TS,55
-54.6,26.5,2005245N19315,2005,MARIA,9/4/05 0:00,TS,60
-54,25.5,2005245N19315,2005,MARIA,9/3/05 18:00,TS,55
-53.1,24.4,2005245N19315,2005,MARIA,9/3/05 12:00,TS,50
-52,23,2005245N19315,2005,MARIA,9/3/05 6:00,TS,45
-51,22,2005245N19315,2005,MARIA,9/3/05 0:00,TS,45
-50.2,21.5,2005245N19315,2005,MARIA,9/2/05 18:00,TS,40
-49.4,21.1,2005245N19315,2005,MARIA,9/2/05 12:00,TS,35
-45.5,18.8,2005245N19315,2005,MARIA,9/1/05 12:00,TS,30
-46.2,19.3,2005245N19315,2005,MARIA,9/1/05 18:00,TS,30
-47.2,19.9,2005245N19315,2005,MARIA,9/2/05 0:00,TS,30
-48.3,20.5,2005245N19315,2005,MARIA,9/2/05 6:00,TS,30
-76.6,31.5,2005249N26281,2005,OPHELIA,9/10/05 12:00,TS,65
-76.2,31.7,2005249N26281,2005,OPHELIA,9/10/05 18:00,TS,70
-75.9,31.8,2005249N26281,2005,OPHELIA,9/11/05 0:00,TS,70
-75.9,31.4,2005249N26281,2005,OPHELIA,9/11/05 18:00,TS,65
-75.7,31.6,2005249N26281,2005,OPHELIA,9/11/05 12:00,TS,70
-75.9,31.7,2005249N26281,2005,OPHELIA,9/11/05 6:00,TS,75
-77.5,33.9,2005249N26281,2005,OPHELIA,9/14/05 18:00,TS,75
-76.9,34.2,2005249N26281,2005,OPHELIA,9/15/05 0:00,TS,75
-76.2,31.2,2005249N26281,2005,OPHELIA,9/12/05 0:00,TS,60
-78,32.9,2005249N26281,2005,OPHELIA,9/14/05 6:00,TS,70
-77.7,33.4,2005249N26281,2005,OPHELIA,9/14/05 12:00,TS,75
-76.3,34.5,2005249N26281,2005,OPHELIA,9/15/05 6:00,TS,70
-79.1,29.3,2005249N26281,2005,OPHELIA,9/9/05 12:00,TS,55
-77.5,30.2,2005249N26281,2005,OPHELIA,9/10/05 0:00,TS,60
-78.5,29.8,2005249N26281,2005,OPHELIA,9/9/05 18:00,TS,65
-76.9,30.9,2005249N26281,2005,OPHELIA,9/10/05 6:00,TS,60
-75.8,34.7,2005249N26281,2005,OPHELIA,9/15/05 12:00,TS,65
-76.6,31.2,2005249N26281,2005,OPHELIA,9/12/05 6:00,TS,60
-78.1,32.6,2005249N26281,2005,OPHELIA,9/14/05 0:00,TS,65
-75.6,34.7,2005249N26281,2005,OPHELIA,9/15/05 18:00,TS,65
-75.1,34.6,2005249N26281,2005,OPHELIA,9/16/05 0:00,TS,60
-79.6,28.6,2005249N26281,2005,OPHELIA,9/8/05 12:00,TS,55
-76.9,31.5,2005249N26281,2005,OPHELIA,9/12/05 12:00,TS,55
-79.5,28.6,2005249N26281,2005,OPHELIA,9/8/05 18:00,TS,60
-78.1,32.3,2005249N26281,2005,OPHELIA,9/13/05 18:00,TS,60
-77.3,31.7,2005249N26281,2005,OPHELIA,9/12/05 18:00,TS,60
-77.7,31.8,2005249N26281,2005,OPHELIA,9/13/05 0:00,TS,60
-78,32.1,2005249N26281,2005,OPHELIA,9/13/05 12:00,TS,60
-79.3,28.9,2005249N26281,2005,OPHELIA,9/9/05 6:00,TS,55
-77.9,31.9,2005249N26281,2005,OPHELIA,9/13/05 6:00,TS,60
-79.3,28.6,2005249N26281,2005,OPHELIA,9/9/05 0:00,TS,65
-8.4,61.7,2005249N26281,2005,OPHELIA,9/22/05 0:00,ET,35
-4.5,63.6,2005249N26281,2005,OPHELIA,9/22/05 6:00,ET,35
-74.8,34.7,2005249N26281,2005,OPHELIA,9/16/05 6:00,TS,55
-73.6,36.4,2005249N26281,2005,OPHELIA,9/16/05 18:00,TS,55
-1,65.6,2005249N26281,2005,OPHELIA,9/22/05 12:00,ET,35
-79.3,28.8,2005249N26281,2005,OPHELIA,9/8/05 0:00,TS,45
-79.6,28.7,2005249N26281,2005,OPHELIA,9/8/05 6:00,TS,50
1.9,67.5,2005249N26281,2005,OPHELIA,9/22/05 18:00,ET,30
-74.4,35.4,2005249N26281,2005,OPHELIA,9/16/05 12:00,TS,50
-67.3,41.6,2005249N26281,2005,OPHELIA,9/17/05 18:00,TS,50
-72.7,37.3,2005249N26281,2005,OPHELIA,9/17/05 0:00,TS,55
-11.9,59.8,2005249N26281,2005,OPHELIA,9/21/05 18:00,ET,35
-64.9,43.2,2005249N26281,2005,OPHELIA,9/18/05 0:00,ET,45
6.6,68.8,2005249N26281,2005,OPHELIA,9/23/05 0:00,ET,30
-79.3,28.8,2005249N26281,2005,OPHELIA,9/7/05 18:00,TS,45
-69.7,40,2005249N26281,2005,OPHELIA,9/17/05 12:00,TS,50
-17.7,55.3,2005249N26281,2005,OPHELIA,9/21/05 6:00,ET,35
-14.6,57.6,2005249N26281,2005,OPHELIA,9/21/05 12:00,ET,35
-22,53.8,2005249N26281,2005,OPHELIA,9/21/05 0:00,ET,40
-38.5,50.9,2005249N26281,2005,OPHELIA,9/20/05 0:00,ET,45
-56.2,47.4,2005249N26281,2005,OPHELIA,9/18/05 18:00,ET,45
-42.1,50,2005249N26281,2005,OPHELIA,9/19/05 18:00,ET,45
-79.2,28.7,2005249N26281,2005,OPHELIA,9/7/05 12:00,TS,40
-34.7,51.5,2005249N26281,2005,OPHELIA,9/20/05 6:00,ET,40
-62.6,44.8,2005249N26281,2005,OPHELIA,9/18/05 6:00,ET,45
-59.9,46.2,2005249N26281,2005,OPHELIA,9/18/05 12:00,ET,45
-52.3,48.4,2005249N26281,2005,OPHELIA,9/19/05 0:00,ET,45
-45.7,49.5,2005249N26281,2005,OPHELIA,9/19/05 12:00,ET,45
-71.4,38.7,2005249N26281,2005,OPHELIA,9/17/05 6:00,TS,50
-26.5,52.8,2005249N26281,2005,OPHELIA,9/20/05 18:00,ET,40
-48.8,49,2005249N26281,2005,OPHELIA,9/19/05 6:00,ET,45
-78.8,27.9,2005249N26281,2005,OPHELIA,9/7/05 6:00,TS,35
-30.5,52.2,2005249N26281,2005,OPHELIA,9/20/05 12:00,ET,40
-78.5,27.4,2005249N26281,2005,OPHELIA,9/7/05 0:00,TS,30
-78.6,25.8,2005249N26281,2005,OPHELIA,9/6/05 6:00,TS,25
-78.3,26.3,2005249N26281,2005,OPHELIA,9/6/05 12:00,TS,25
-78.3,26.6,2005249N26281,2005,OPHELIA,9/6/05 16:00,TS,25
-78.3,26.8,2005249N26281,2005,OPHELIA,9/6/05 18:00,TS,25
-61.1,32.6,2005249N28293,2005,NATE,9/9/05 0:00,TS,80
-65,30,2005249N28293,2005,NATE,9/8/05 6:00,TS,75
-63.8,30.5,2005249N28293,2005,NATE,9/8/05 12:00,TS,75
-62.7,31.4,2005249N28293,2005,NATE,9/8/05 18:00,TS,75
-65.7,29.6,2005249N28293,2005,NATE,9/8/05 0:00,TS,75
-66,29.3,2005249N28293,2005,NATE,9/7/05 18:00,TS,70
-59.1,33.4,2005249N28293,2005,NATE,9/9/05 6:00,TS,70
-55.8,34,2005249N28293,2005,NATE,9/9/05 12:00,TS,65
-66.2,28.9,2005249N28293,2005,NATE,9/7/05 12:00,TS,65
-66.3,28.7,2005249N28293,2005,NATE,9/7/05 6:00,TS,60
-53.4,34.5,2005249N28293,2005,NATE,9/9/05 18:00,TS,55
-66.3,28.7,2005249N28293,2005,NATE,9/7/05 0:00,TS,55
-49,34.6,2005249N28293,2005,NATE,9/10/05 6:00,TS,45
-45.9,34.5,2005249N28293,2005,NATE,9/10/05 12:00,TS,45
-44.1,34.9,2005249N28293,2005,NATE,9/10/05 18:00,ET,45
-66.4,28.6,2005249N28293,2005,NATE,9/6/05 18:00,TS,50
-50.8,34.7,2005249N28293,2005,NATE,9/10/05 0:00,TS,55
-42.1,35.2,2005249N28293,2005,NATE,9/11/05 0:00,ET,40
-40.6,36,2005249N28293,2005,NATE,9/11/05 6:00,ET,40
-66.5,28.5,2005249N28293,2005,NATE,9/6/05 12:00,TS,50
-38.3,37.4,2005249N28293,2005,NATE,9/11/05 12:00,ET,40
-35.6,39.2,2005249N28293,2005,NATE,9/11/05 18:00,ET,40
-32,43.5,2005249N28293,2005,NATE,9/12/05 6:00,ET,35
-66.5,28.5,2005249N28293,2005,NATE,9/6/05 6:00,TS,40
-33.3,41.6,2005249N28293,2005,NATE,9/12/05 0:00,ET,40
-28.1,44,2005249N28293,2005,NATE,9/12/05 12:00,ET,35
-25,46,2005249N28293,2005,NATE,9/12/05 18:00,ET,35
-66.6,28.4,2005249N28293,2005,NATE,9/6/05 0:00,TS,35
-67,28.4,2005249N28293,2005,NATE,9/5/05 18:00,TS,30
-56.6,17.7,2005261N13306,2005,PHILIPPE,9/20/05 0:00,TS,70
-55.8,16.2,2005261N13306,2005,PHILIPPE,9/19/05 0:00,TS,65
-55.9,16.7,2005261N13306,2005,PHILIPPE,9/19/05 6:00,TS,65
-56.2,17.2,2005261N13306,2005,PHILIPPE,9/19/05 12:00,TS,65
-56.4,17.5,2005261N13306,2005,PHILIPPE,9/19/05 18:00,TS,65
-56.8,17.9,2005261N13306,2005,PHILIPPE,9/20/05 6:00,TS,65
-57,18.1,2005261N13306,2005,PHILIPPE,9/20/05 12:00,TS,60
-57.2,18.5,2005261N13306,2005,PHILIPPE,9/20/05 18:00,TS,55
-55.7,15.6,2005261N13306,2005,PHILIPPE,9/18/05 18:00,TS,55
-57.2,18.9,2005261N13306,2005,PHILIPPE,9/21/05 0:00,TS,55
-55.5,14.9,2005261N13306,2005,PHILIPPE,9/18/05 12:00,TS,50
-57.1,19.4,2005261N13306,2005,PHILIPPE,9/21/05 6:00,TS,50
-55.3,14.4,2005261N13306,2005,PHILIPPE,9/18/05 6:00,TS,45
-57,19.9,2005261N13306,2005,PHILIPPE,9/21/05 12:00,TS,45
-56.9,20.8,2005261N13306,2005,PHILIPPE,9/21/05 18:00,TS,40
-56.7,22.4,2005261N13306,2005,PHILIPPE,9/22/05 0:00,TS,35
-62.2,30.5,2005261N13306,2005,PHILIPPE,9/23/05 12:00,TS,30
-63.7,30.2,2005261N13306,2005,PHILIPPE,9/23/05 18:00,DS,30
-63.8,29.2,2005261N13306,2005,PHILIPPE,9/24/05 0:00,DS,30
-56.8,23.8,2005261N13306,2005,PHILIPPE,9/22/05 6:00,TS,35
-57.2,25.2,2005261N13306,2005,PHILIPPE,9/22/05 12:00,TS,35
-57.6,26.7,2005261N13306,2005,PHILIPPE,9/22/05 18:00,TS,35
-58.2,28.3,2005261N13306,2005,PHILIPPE,9/23/05 0:00,TS,35
-60.1,30.2,2005261N13306,2005,PHILIPPE,9/23/05 6:00,TS,35
-55.1,13.9,2005261N13306,2005,PHILIPPE,9/18/05 0:00,TS,40
-62.8,28.6,2005261N13306,2005,PHILIPPE,9/24/05 6:00,DS,25
-54.9,13.5,2005261N13306,2005,PHILIPPE,9/17/05 18:00,TS,35
-54.5,13.3,2005261N13306,2005,PHILIPPE,9/17/05 12:00,TS,30
-87.3,24.7,2005261N21290,2005,RITA,9/22/05 3:00,TS,155
-86.9,24.5,2005261N21290,2005,RITA,9/22/05 0:00,TS,150
-87.6,24.8,2005261N21290,2005,RITA,9/22/05 6:00,TS,155
-88.3,25.2,2005261N21290,2005,RITA,9/22/05 12:00,TS,140
-89.1,25.6,2005261N21290,2005,RITA,9/22/05 18:00,TS,125
-89.9,26,2005261N21290,2005,RITA,9/23/05 0:00,TS,120
-86.2,24.3,2005261N21290,2005,RITA,9/21/05 18:00,TS,145
-90.7,26.5,2005261N21290,2005,RITA,9/23/05 6:00,TS,115
-91.5,27.1,2005261N21290,2005,RITA,9/23/05 12:00,TS,115
-92.3,27.8,2005261N21290,2005,RITA,9/23/05 18:00,TS,110
-93,28.6,2005261N21290,2005,RITA,9/24/05 0:00,TS,105
-93.6,29.4,2005261N21290,2005,RITA,9/24/05 6:00,TS,100
-93.7,29.7,2005261N21290,2005,RITA,9/24/05 7:40,TS,100
-85.2,24.2,2005261N21290,2005,RITA,9/21/05 12:00,TS,120
-94.1,30.5,2005261N21290,2005,RITA,9/24/05 12:00,TS,65
-84,24.2,2005261N21290,2005,RITA,9/21/05 6:00,TS,110
-82.7,24.1,2005261N21290,2005,RITA,9/21/05 0:00,TS,95
-94.1,31.6,2005261N21290,2005,RITA,9/24/05 18:00,TS,45
-81.6,23.9,2005261N21290,2005,RITA,9/20/05 18:00,TS,85
-94,32.7,2005261N21290,2005,RITA,9/25/05 0:00,TS,35
-80.3,23.7,2005261N21290,2005,RITA,9/20/05 12:00,TS,70
-93.6,33.7,2005261N21290,2005,RITA,9/25/05 6:00,TS,30
-78.8,23.5,2005261N21290,2005,RITA,9/20/05 6:00,TS,60
-77.2,23.3,2005261N21290,2005,RITA,9/20/05 0:00,TS,60
-75.9,23.1,2005261N21290,2005,RITA,9/19/05 18:00,TS,60
-92.5,34.7,2005261N21290,2005,RITA,9/25/05 12:00,TS,25
-74.7,22.8,2005261N21290,2005,RITA,9/19/05 12:00,TS,55
-73.8,22.6,2005261N21290,2005,RITA,9/19/05 6:00,TS,50
-91.4,35.8,2005261N21290,2005,RITA,9/25/05 18:00,TS,25
-73,22.4,2005261N21290,2005,RITA,9/19/05 0:00,TS,45
-90.1,37,2005261N21290,2005,RITA,9/26/05 0:00,TS,20
-72.3,22.2,2005261N21290,2005,RITA,9/18/05 18:00,TS,35
-88,39.5,2005261N21290,2005,RITA,9/26/05 6:00,DS,20
-71.5,21.9,2005261N21290,2005,RITA,9/18/05 12:00,TS,30
-69.9,21.3,2005261N21290,2005,RITA,9/18/05 0:00,TS,25
-70.7,21.6,2005261N21290,2005,RITA,9/18/05 6:00,TS,25
-33.3,12.7,2005274N12327,2005,NINETEEN,10/1/05 0:00,TS,30
-33,12.2,2005274N12327,2005,NINETEEN,9/30/05 18:00,TS,30
-34.3,15.7,2005274N12327,2005,NINETEEN,10/2/05 6:00,TS,25
-33.5,13.3,2005274N12327,2005,NINETEEN,10/1/05 6:00,TS,30
-33.7,13.8,2005274N12327,2005,NINETEEN,10/1/05 12:00,TS,30
-33.9,14.4,2005274N12327,2005,NINETEEN,10/1/05 18:00,TS,30
-33.8,15,2005274N12327,2005,NINETEEN,10/2/05 0:00,TS,30
-32.7,11.8,2005274N12327,2005,NINETEEN,9/30/05 12:00,TS,25
-35.3,16.6,2005274N12327,2005,NINETEEN,10/2/05 12:00,TS,25
-94.9,18.6,2005275N19274,2005,STAN,10/4/05 12:00,TS,70
-94.1,19.2,2005275N19274,2005,STAN,10/4/05 6:00,TS,65
-95.6,17.9,2005275N19274,2005,STAN,10/4/05 18:00,TS,45
-93.2,19.8,2005275N19274,2005,STAN,10/4/05 0:00,TS,55
-92.2,20.1,2005275N19274,2005,STAN,10/3/05 18:00,TS,50
-96.4,17.2,2005275N19274,2005,STAN,10/5/05 0:00,TS,30
-91.7,20.3,2005275N19274,2005,STAN,10/3/05 12:00,TS,40
-89.8,20.5,2005275N19274,2005,STAN,10/3/05 0:00,TS,30
-87.5,19.6,2005275N19274,2005,STAN,10/2/05 10:00,TS,35
-87.9,19.8,2005275N19274,2005,STAN,10/2/05 12:00,TS,35
-91,20.5,2005275N19274,2005,STAN,10/3/05 6:00,TS,35
-87.2,19.5,2005275N19274,2005,STAN,10/2/05 6:00,TS,40
-97,16.9,2005275N19274,2005,STAN,10/5/05 6:00,TS,25
-86.7,19.3,2005275N19274,2005,STAN,10/2/05 0:00,TS,30
-88.8,20.3,2005275N19274,2005,STAN,10/2/05 18:00,TS,35
-86.2,19.1,2005275N19274,2005,STAN,10/1/05 18:00,TS,30
-85.6,18.9,2005275N19274,2005,STAN,10/1/05 12:00,TS,25
-26.7,37.1,2005277N34328,2005,2005277N34328,10/4/05 18:00,SS,45
-25,38.8,2005277N34328,2005,2005277N34328,10/5/05 0:00,SS,45
-23.3,41,2005277N34328,2005,2005277N34328,10/5/05 6:00,ET,40
-23,43.6,2005277N34328,2005,2005277N34328,10/5/05 12:00,ET,40
-28.5,35.9,2005277N34328,2005,2005277N34328,10/4/05 12:00,SS,35
-30.2,34.8,2005277N34328,2005,2005277N34328,10/4/05 6:00,SS,30
-31.8,33.8,2005277N34328,2005,2005277N34328,10/4/05 0:00,DS,30
-80.9,29.5,2005278N27280,2005,TAMMY,10/5/05 18:00,TS,45
-81.4,30.4,2005278N27280,2005,TAMMY,10/5/05 23:00,TS,45
-81.6,30.5,2005278N27280,2005,TAMMY,10/6/05 0:00,TS,45
-80.2,28.3,2005278N27280,2005,TAMMY,10/5/05 12:00,TS,40
-85.6,30.3,2005278N27280,2005,TAMMY,10/7/05 0:00,DS,10
-84.6,31.8,2005278N27280,2005,TAMMY,10/6/05 12:00,TS,25
-82.8,31.3,2005278N27280,2005,TAMMY,10/6/05 6:00,TS,35
-85.8,31.2,2005278N27280,2005,TAMMY,10/6/05 18:00,TS,15
-79.7,27.3,2005278N27280,2005,TAMMY,10/5/05 6:00,TS,35
-73.8,39.6,2005281N26303,2005,TWENTY-TWO,10/14/05 18:00,ET,30
-73.8,38.6,2005281N26303,2005,TWENTY-TWO,10/14/05 12:00,ET,35
-73.8,37.6,2005281N26303,2005,TWENTY-TWO,10/14/05 6:00,ET,40
-73,37.8,2005281N26303,2005,TWENTY-TWO,10/13/05 18:00,ET,40
-73.4,38,2005281N26303,2005,TWENTY-TWO,10/14/05 0:00,ET,40
-58.5,27.7,2005281N26303,2005,TWENTY-TWO,10/8/05 12:00,SS,30
-70,33.5,2005281N26303,2005,TWENTY-TWO,10/10/05 18:00,DS,30
-71,34.3,2005281N26303,2005,TWENTY-TWO,10/11/05 0:00,DS,30
-71.7,35.5,2005281N26303,2005,TWENTY-TWO,10/11/05 6:00,DS,30
-71.8,36.7,2005281N26303,2005,TWENTY-TWO,10/11/05 12:00,ET,30
-71.7,37.8,2005281N26303,2005,TWENTY-TWO,10/11/05 18:00,ET,30
-73,37.2,2005281N26303,2005,TWENTY-TWO,10/13/05 12:00,ET,40
-62,29.3,2005281N26303,2005,TWENTY-TWO,10/9/05 0:00,SS,25
-63.3,29.3,2005281N26303,2005,TWENTY-TWO,10/9/05 6:00,SS,25
-64.5,29.5,2005281N26303,2005,TWENTY-TWO,10/9/05 12:00,SS,25
-65.2,30,2005281N26303,2005,TWENTY-TWO,10/9/05 18:00,SS,25
-66,30.7,2005281N26303,2005,TWENTY-TWO,10/10/05 0:00,SS,25
-67.5,31.6,2005281N26303,2005,TWENTY-TWO,10/10/05 6:00,DS,25
-57.4,26.1,2005281N26303,2005,TWENTY-TWO,10/8/05 6:00,SS,30
-60.1,28.8,2005281N26303,2005,TWENTY-TWO,10/8/05 18:00,SS,30
-68.9,32.5,2005281N26303,2005,TWENTY-TWO,10/10/05 12:00,DS,30
-71.9,38.5,2005281N26303,2005,TWENTY-TWO,10/12/05 0:00,ET,30
-72.4,38.8,2005281N26303,2005,TWENTY-TWO,10/12/05 6:00,ET,30
-73.5,38.3,2005281N26303,2005,TWENTY-TWO,10/13/05 0:00,ET,40
-73.5,37.7,2005281N26303,2005,TWENTY-TWO,10/13/05 6:00,ET,40
-73,38.9,2005281N26303,2005,TWENTY-TWO,10/12/05 12:00,ET,35
-73.5,38.7,2005281N26303,2005,TWENTY-TWO,10/12/05 18:00,ET,40
-18.9,34.1,2005281N33339,2005,VINCE,10/9/05 18:00,TS,65
-18.3,34.3,2005281N33339,2005,VINCE,10/10/05 0:00,TS,60
-17.2,34.5,2005281N33339,2005,VINCE,10/10/05 6:00,TS,50
-15.3,34.7,2005281N33339,2005,VINCE,10/10/05 12:00,TS,45
-19.3,33.8,2005281N33339,2005,VINCE,10/9/05 12:00,TS,55
-12.8,35.4,2005281N33339,2005,VINCE,10/10/05 18:00,TS,35
-19.6,33.4,2005281N33339,2005,VINCE,10/9/05 6:00,SS,50
-20,33.2,2005281N33339,2005,VINCE,10/9/05 0:00,SS,45
-10.5,36.1,2005281N33339,2005,VINCE,10/11/05 0:00,TS,30
-20.3,33,2005281N33339,2005,VINCE,10/8/05 12:00,SS,45
-20.1,33.1,2005281N33339,2005,VINCE,10/8/05 18:00,SS,45
-20.6,32.9,2005281N33339,2005,VINCE,10/8/05 6:00,SS,40
-8.3,36.7,2005281N33339,2005,VINCE,10/11/05 6:00,TS,30
-7.1,37.2,2005281N33339,2005,VINCE,10/11/05 9:00,TS,30
-6,37.7,2005281N33339,2005,VINCE,10/11/05 12:00,TS,30
-82.8,17.3,2005289N18282,2005,WILMA,10/19/05 12:00,TS,160
-84,17.9,2005289N18282,2005,WILMA,10/20/05 0:00,TS,135
-83.4,17.4,2005289N18282,2005,WILMA,10/19/05 18:00,TS,140
-82.2,17,2005289N18282,2005,WILMA,10/19/05 6:00,TS,150
-84.7,18.1,2005289N18282,2005,WILMA,10/20/05 6:00,TS,130
-85.2,18.3,2005289N18282,2005,WILMA,10/20/05 12:00,TS,130
-85.5,18.6,2005289N18282,2005,WILMA,10/20/05 18:00,TS,130
-85.8,19.1,2005289N18282,2005,WILMA,10/21/05 0:00,TS,130
-86.7,20.3,2005289N18282,2005,WILMA,10/21/05 18:00,TS,120
-86.8,20.6,2005289N18282,2005,WILMA,10/21/05 21:45,TS,130
-86.4,20.1,2005289N18282,2005,WILMA,10/21/05 12:00,TS,125
-86.8,20.6,2005289N18282,2005,WILMA,10/22/05 0:00,TS,120
-86.1,19.5,2005289N18282,2005,WILMA,10/21/05 6:00,TS,130
-86.9,20.8,2005289N18282,2005,WILMA,10/22/05 3:30,TS,115
-87,20.8,2005289N18282,2005,WILMA,10/22/05 6:00,TS,110
-81.8,16.6,2005289N18282,2005,WILMA,10/19/05 0:00,TS,130
-87.1,21,2005289N18282,2005,WILMA,10/22/05 12:00,TS,100
-81,26.2,2005289N18282,2005,WILMA,10/24/05 12:00,TS,95
-81.7,25.9,2005289N18282,2005,WILMA,10/24/05 10:30,TS,105
-83.1,25,2005289N18282,2005,WILMA,10/24/05 6:00,TS,110
-78.8,28,2005289N18282,2005,WILMA,10/24/05 18:00,TS,105
-76,30.1,2005289N18282,2005,WILMA,10/25/05 0:00,TS,110
-87.1,21.3,2005289N18282,2005,WILMA,10/22/05 18:00,TS,85
-84.3,24,2005289N18282,2005,WILMA,10/24/05 0:00,TS,95
-87,21.6,2005289N18282,2005,WILMA,10/23/05 0:00,TS,85
-86.1,22.4,2005289N18282,2005,WILMA,10/23/05 12:00,TS,85
-86.8,21.8,2005289N18282,2005,WILMA,10/23/05 6:00,TS,85
-85.4,23.1,2005289N18282,2005,WILMA,10/23/05 18:00,TS,90
-72,33.3,2005289N18282,2005,WILMA,10/25/05 6:00,TS,100
-67.9,36.8,2005289N18282,2005,WILMA,10/25/05 12:00,TS,90
-81.1,16.6,2005289N18282,2005,WILMA,10/18/05 18:00,TS,75
-63.5,40.5,2005289N18282,2005,WILMA,10/25/05 18:00,TS,75
-60,42.5,2005289N18282,2005,WILMA,10/26/05 0:00,ET,60
-80.3,16.2,2005289N18282,2005,WILMA,10/18/05 12:00,TS,65
-57.5,44,2005289N18282,2005,WILMA,10/26/05 6:00,ET,55
-79.9,15.7,2005289N18282,2005,WILMA,10/18/05 6:00,TS,60
-55,45,2005289N18282,2005,WILMA,10/26/05 12:00,ET,50
-79.9,15.8,2005289N18282,2005,WILMA,10/18/05 0:00,TS,55
-52,45.5,2005289N18282,2005,WILMA,10/26/05 18:00,ET,40
-79.8,16,2005289N18282,2005,WILMA,10/17/05 18:00,TS,45
-79.7,16.3,2005289N18282,2005,WILMA,10/17/05 12:00,TS,40
-79.6,16.9,2005289N18282,2005,WILMA,10/17/05 6:00,TS,35
-79.6,17.4,2005289N18282,2005,WILMA,10/17/05 0:00,TS,30
-79.4,17.5,2005289N18282,2005,WILMA,10/16/05 18:00,TS,30
-79,17.5,2005289N18282,2005,WILMA,10/16/05 6:00,TS,30
-79.2,17.5,2005289N18282,2005,WILMA,10/16/05 12:00,TS,30
-78.5,17.6,2005289N18282,2005,WILMA,10/15/05 18:00,TS,25
-78.8,17.6,2005289N18282,2005,WILMA,10/16/05 0:00,TS,25
-70.5,17.8,2005296N16293,2005,ALPHA,10/23/05 6:00,TS,45
-69.6,17.3,2005296N16293,2005,ALPHA,10/23/05 0:00,TS,45
-71.3,18.3,2005296N16293,2005,ALPHA,10/23/05 10:00,TS,45
-72.2,18.6,2005296N16293,2005,ALPHA,10/23/05 12:00,TS,35
-72.7,19.8,2005296N16293,2005,ALPHA,10/23/05 18:00,TS,30
-72.9,21.6,2005296N16293,2005,ALPHA,10/24/05 0:00,TS,30
-73,23.5,2005296N16293,2005,ALPHA,10/24/05 6:00,TS,30
-72.4,25.1,2005296N16293,2005,ALPHA,10/24/05 12:00,TS,30
-70.8,27.9,2005296N16293,2005,ALPHA,10/24/05 18:00,TS,30
-68.5,16.5,2005296N16293,2005,ALPHA,10/22/05 18:00,TS,35
-67.5,15.8,2005296N16293,2005,ALPHA,10/22/05 12:00,TS,30
-83.1,13.3,2005300N10279,2005,BETA,10/30/05 6:00,TS,100
-82.6,13.6,2005300N10279,2005,BETA,10/30/05 0:00,TS,90
-83.5,12.9,2005300N10279,2005,BETA,10/30/05 12:00,TS,90
-82.1,13.7,2005300N10279,2005,BETA,10/29/05 18:00,TS,75
-81.6,13.7,2005300N10279,2005,BETA,10/29/05 12:00,TS,75
-81.4,13.6,2005300N10279,2005,BETA,10/29/05 6:00,TS,70
-81.2,13.4,2005300N10279,2005,BETA,10/29/05 0:00,TS,60
-84.1,12.7,2005300N10279,2005,BETA,10/30/05 18:00,TS,55
-81.1,13.2,2005300N10279,2005,BETA,10/28/05 18:00,TS,50
-81,12.8,2005300N10279,2005,BETA,10/28/05 12:00,TS,50
-81.1,12.3,2005300N10279,2005,BETA,10/28/05 6:00,TS,50
-81.2,11.9,2005300N10279,2005,BETA,10/28/05 0:00,TS,50
-81.3,11.6,2005300N10279,2005,BETA,10/27/05 18:00,TS,50
-84.9,12.7,2005300N10279,2005,BETA,10/31/05 0:00,TS,20
-81.3,11.3,2005300N10279,2005,BETA,10/27/05 12:00,TS,45
-81.3,11,2005300N10279,2005,BETA,10/27/05 6:00,TS,35
-80.9,10.4,2005300N10279,2005,BETA,10/26/05 18:00,TS,30
-81.1,10.7,2005300N10279,2005,BETA,10/27/05 0:00,TS,30
-85.4,16.1,2005318N13298,2005,GAMMA,11/19/05 12:00,TS,45
-65,14.2,2005318N13298,2005,GAMMA,11/15/05 0:00,TS,30
-66,14.3,2005318N13298,2005,GAMMA,11/15/05 6:00,TS,35
-67.1,14.4,2005318N13298,2005,GAMMA,11/15/05 12:00,TS,35
-85.6,16.1,2005318N13298,2005,GAMMA,11/19/05 6:00,TS,40
-85.2,16.2,2005318N13298,2005,GAMMA,11/19/05 18:00,TS,40
-64.2,14.1,2005318N13298,2005,GAMMA,11/14/05 18:00,TS,30
-68.4,14.7,2005318N13298,2005,GAMMA,11/15/05 18:00,TS,30
-85.6,16,2005318N13298,2005,GAMMA,11/19/05 0:00,TS,40
-85,16.4,2005318N13298,2005,GAMMA,11/20/05 0:00,TS,40
-73.1,14.7,2005318N13298,2005,GAMMA,11/16/05 12:00,TS,25
-75.4,14.8,2005318N13298,2005,GAMMA,11/16/05 18:00,DS,25
-62.8,13.6,2005318N13298,2005,GAMMA,11/14/05 6:00,TS,30
-63.4,13.8,2005318N13298,2005,GAMMA,11/14/05 12:00,TS,30
-69.9,14.8,2005318N13298,2005,GAMMA,11/16/05 0:00,TS,30
-71.5,14.8,2005318N13298,2005,GAMMA,11/16/05 6:00,TS,30
-84.8,15.7,2005318N13298,2005,GAMMA,11/18/05 6:00,DS,30
-85.5,15.5,2005318N13298,2005,GAMMA,11/18/05 12:00,DS,30
-85.6,15.7,2005318N13298,2005,GAMMA,11/18/05 18:00,TS,35
-85,16.6,2005318N13298,2005,GAMMA,11/20/05 6:00,TS,35
-77.6,15,2005318N13298,2005,GAMMA,11/17/05 0:00,DS,25
-62.1,13.2,2005318N13298,2005,GAMMA,11/14/05 0:00,TS,30
-81.7,15.6,2005318N13298,2005,GAMMA,11/17/05 12:00,DS,30
-83.1,15.8,2005318N13298,2005,GAMMA,11/17/05 18:00,DS,30
-84.1,15.8,2005318N13298,2005,GAMMA,11/18/05 0:00,DS,30
-85.2,16.7,2005318N13298,2005,GAMMA,11/20/05 12:00,TS,30
-85.5,16.9,2005318N13298,2005,GAMMA,11/20/05 18:00,TS,30
-79.7,15.3,2005318N13298,2005,GAMMA,11/17/05 6:00,DS,25
-85.5,17.1,2005318N13298,2005,GAMMA,11/21/05 0:00,TS,25
-85.2,17,2005318N13298,2005,GAMMA,11/21/05 6:00,DS,25
-84.8,16.7,2005318N13298,2005,GAMMA,11/21/05 12:00,DS,25
-84.3,16.4,2005318N13298,2005,GAMMA,11/21/05 18:00,DS,25
-83.5,15.4,2005318N13298,2005,GAMMA,11/22/05 0:00,DS,25
-39,24.8,2005324N27312,2005,DELTA,11/24/05 12:00,TS,60
-38.9,24.6,2005324N27312,2005,DELTA,11/24/05 18:00,TS,60
-39,24.1,2005324N27312,2005,DELTA,11/25/05 0:00,TS,60
-39.6,25,2005324N27312,2005,DELTA,11/24/05 6:00,TS,55
-40.2,25.5,2005324N27312,2005,DELTA,11/24/05 0:00,TS,55
-39.3,23.8,2005324N27312,2005,DELTA,11/25/05 6:00,TS,55
-39.6,23.3,2005324N27312,2005,DELTA,11/25/05 12:00,TS,55
-31.9,26.7,2005324N27312,2005,DELTA,11/27/05 12:00,TS,60
-29.9,28.3,2005324N27312,2005,DELTA,11/27/05 18:00,TS,60
-41.3,28.8,2005324N27312,2005,DELTA,11/23/05 6:00,SS,45
-41.2,27.4,2005324N27312,2005,DELTA,11/23/05 12:00,TS,50
-40.8,26.4,2005324N27312,2005,DELTA,11/23/05 18:00,TS,50
-27.5,29.1,2005324N27312,2005,DELTA,11/28/05 0:00,TS,60
-40.9,29.9,2005324N27312,2005,DELTA,11/23/05 0:00,SS,45
-24.8,29.9,2005324N27312,2005,DELTA,11/28/05 6:00,TS,60
-39.8,22.8,2005324N27312,2005,DELTA,11/25/05 18:00,TS,50
-21.6,30.2,2005324N27312,2005,DELTA,11/28/05 12:00,ET,60
-40.5,30.7,2005324N27312,2005,DELTA,11/22/05 18:00,SS,45
-18.2,30.2,2005324N27312,2005,DELTA,11/28/05 18:00,ET,60
-39.8,31.2,2005324N27312,2005,DELTA,11/22/05 12:00,ET,45
-14.6,30.2,2005324N27312,2005,DELTA,11/29/05 0:00,ET,55
-39.8,22.3,2005324N27312,2005,DELTA,11/26/05 0:00,TS,45
-39.9,31.4,2005324N27312,2005,DELTA,11/22/05 6:00,ET,45
-40.1,31.5,2005324N27312,2005,DELTA,11/22/05 0:00,ET,40
-10.9,30.7,2005324N27312,2005,DELTA,11/29/05 6:00,ET,50
-39.4,21.8,2005324N27312,2005,DELTA,11/26/05 6:00,TS,40
-34,24.8,2005324N27312,2005,DELTA,11/27/05 6:00,TS,45
-39.6,30.9,2005324N27312,2005,DELTA,11/21/05 18:00,ET,40
-40.1,29.9,2005324N27312,2005,DELTA,11/21/05 12:00,ET,35
-38.4,22,2005324N27312,2005,DELTA,11/26/05 12:00,TS,35
-37.3,22.6,2005324N27312,2005,DELTA,11/26/05 18:00,TS,35
-41.1,29,2005324N27312,2005,DELTA,11/21/05 6:00,ET,35
-35.8,23.5,2005324N27312,2005,DELTA,11/27/05 0:00,TS,35
-42.2,28.3,2005324N27312,2005,DELTA,11/21/05 0:00,ET,35
-6.6,32.6,2005324N27312,2005,DELTA,11/29/05 12:00,ET,35
-1,35.3,2005324N27312,2005,DELTA,11/29/05 18:00,ET,30
-43.5,28,2005324N27312,2005,DELTA,11/20/05 18:00,ET,35
-44.8,27.7,2005324N27312,2005,DELTA,11/20/05 12:00,ET,30
-46.7,26.7,2005324N27312,2005,DELTA,11/20/05 0:00,ET,25
-45.9,27.2,2005324N27312,2005,DELTA,11/20/05 6:00,ET,25
-47.5,26.7,2005324N27312,2005,DELTA,11/19/05 18:00,ET,25
-48,27,2005324N27312,2005,DELTA,11/19/05 12:00,ET,25
-36.7,34,2005333N32311,2005,EPSILON,12/5/05 6:00,TS,75
-35.5,33.8,2005333N32311,2005,EPSILON,12/5/05 12:00,TS,75
-39.8,34.3,2005333N32311,2005,EPSILON,12/4/05 12:00,TS,70
-38.8,34.3,2005333N32311,2005,EPSILON,12/4/05 18:00,TS,70
-37.8,34.2,2005333N32311,2005,EPSILON,12/5/05 0:00,TS,70
-34.6,33.7,2005333N32311,2005,EPSILON,12/5/05 18:00,TS,70
-33.8,33.4,2005333N32311,2005,EPSILON,12/6/05 0:00,TS,65
-33.7,33.1,2005333N32311,2005,EPSILON,12/6/05 6:00,TS,65
-47.9,33.9,2005333N32311,2005,EPSILON,12/2/05 18:00,TS,65
-47.1,34.3,2005333N32311,2005,EPSILON,12/3/05 0:00,TS,65
-46.2,34.5,2005333N32311,2005,EPSILON,12/3/05 6:00,TS,65
-45,34.5,2005333N32311,2005,EPSILON,12/3/05 12:00,TS,65
-43.7,34.5,2005333N32311,2005,EPSILON,12/3/05 18:00,TS,65
-42.3,34.3,2005333N32311,2005,EPSILON,12/4/05 0:00,TS,65
-41.1,34.4,2005333N32311,2005,EPSILON,12/4/05 6:00,TS,65
-33.7,32.3,2005333N32311,2005,EPSILON,12/6/05 12:00,TS,65
-34.2,31.6,2005333N32311,2005,EPSILON,12/6/05 18:00,TS,65
-34.9,30.8,2005333N32311,2005,EPSILON,12/7/05 0:00,TS,65
-36,30.1,2005333N32311,2005,EPSILON,12/7/05 6:00,TS,65
-37.1,29.4,2005333N32311,2005,EPSILON,12/7/05 12:00,TS,65
-48.9,33.2,2005333N32311,2005,EPSILON,12/2/05 12:00,TS,60
-49.8,32.5,2005333N32311,2005,EPSILON,12/2/05 6:00,TS,55
-54.2,30.1,2005333N32311,2005,EPSILON,11/30/05 18:00,TS,50
-53.5,30.8,2005333N32311,2005,EPSILON,11/30/05 12:00,TS,55
-51.3,31.4,2005333N32311,2005,EPSILON,12/1/05 18:00,TS,55
-50.6,31.9,2005333N32311,2005,EPSILON,12/2/05 0:00,TS,55
-38.1,28.7,2005333N32311,2005,EPSILON,12/7/05 18:00,TS,60
-52.5,31.1,2005333N32311,2005,EPSILON,11/30/05 6:00,TS,50
-53.8,29.7,2005333N32311,2005,EPSILON,12/1/05 0:00,TS,50
-52.7,30,2005333N32311,2005,EPSILON,12/1/05 6:00,TS,50
-51.9,30.8,2005333N32311,2005,EPSILON,12/1/05 12:00,TS,50
-49.2,31.5,2005333N32311,2005,EPSILON,11/29/05 6:00,TS,45
-50,31.6,2005333N32311,2005,EPSILON,11/29/05 12:00,TS,45
-50.8,31.4,2005333N32311,2005,EPSILON,11/29/05 18:00,TS,45
-51.5,31.4,2005333N32311,2005,EPSILON,11/30/05 0:00,TS,45
-38.8,28.2,2005333N32311,2005,EPSILON,12/8/05 0:00,TS,50
-39.3,27.4,2005333N32311,2005,EPSILON,12/8/05 6:00,TS,35
-40,26.5,2005333N32311,2005,EPSILON,12/8/05 12:00,TS,30
-40.5,25.9,2005333N32311,2005,EPSILON,12/8/05 18:00,DS,30
-40.6,25.5,2005333N32311,2005,EPSILON,12/9/05 0:00,DS,30
-40.4,25.1,2005333N32311,2005,EPSILON,12/9/05 6:00,DS,25
-40.1,24.7,2005333N32311,2005,EPSILON,12/9/05 12:00,DS,25
-39.2,24.7,2005333N32311,2005,EPSILON,12/9/05 18:00,DS,25
-38.6,25,2005364N24324,2005,ZETA,1/1/06 18:00,TS,55
-38.9,24.6,2005364N24324,2005,ZETA,1/2/06 0:00,TS,55
-41,23.4,2005364N24324,2005,ZETA,1/3/06 0:00,TS,55
-41.3,23.3,2005364N24324,2005,ZETA,1/3/06 6:00,TS,55
-41.6,23.2,2005364N24324,2005,ZETA,1/3/06 12:00,TS,55
-42.1,23,2005364N24324,2005,ZETA,1/3/06 18:00,TS,55
-42.4,22.6,2005364N24324,2005,ZETA,1/4/06 0:00,TS,55
-37.6,25.7,2005364N24324,2005,ZETA,12/31/05 6:00,TS,50
-37.9,25.7,2005364N24324,2005,ZETA,12/31/05 12:00,TS,50
-38.3,25.6,2005364N24324,2005,ZETA,1/1/06 0:00,TS,50
-38.4,25.4,2005364N24324,2005,ZETA,1/1/06 6:00,TS,50
-38.5,25.2,2005364N24324,2005,ZETA,1/1/06 12:00,TS,50
-39.7,24.3,2005364N24324,2005,ZETA,1/2/06 6:00,TS,50
-40.8,23.6,2005364N24324,2005,ZETA,1/2/06 18:00,TS,50
-42.9,22.1,2005364N24324,2005,ZETA,1/4/06 6:00,TS,50
-37,25.2,2005364N24324,2005,ZETA,12/30/05 18:00,TS,45
-37.3,25.6,2005364N24324,2005,ZETA,12/31/05 0:00,TS,45
-38.1,25.7,2005364N24324,2005,ZETA,12/31/05 18:00,TS,45
-40.4,23.8,2005364N24324,2005,ZETA,1/2/06 12:00,TS,45
-43.6,21.9,2005364N24324,2005,ZETA,1/4/06 12:00,TS,45
-44.6,21.7,2005364N24324,2005,ZETA,1/4/06 18:00,TS,40
-36.6,24.7,2005364N24324,2005,ZETA,12/30/05 12:00,TS,45
-45.6,21.7,2005364N24324,2005,ZETA,1/5/06 0:00,TS,35
-46.6,21.9,2005364N24324,2005,ZETA,1/5/06 6:00,TS,35
-36.1,24.2,2005364N24324,2005,ZETA,12/30/05 6:00,TS,40
-47.3,22.2,2005364N24324,2005,ZETA,1/5/06 12:00,TS,35
-49,23.1,2005364N24324,2005,ZETA,1/6/06 6:00,TS,30
-47.9,22.7,2005364N24324,2005,ZETA,1/5/06 18:00,TS,35
-48.4,23,2005364N24324,2005,ZETA,1/6/06 0:00,TS,35
-49.6,23.1,2005364N24324,2005,ZETA,1/6/06 12:00,TS,30
-50.2,23.3,2005364N24324,2005,ZETA,1/6/06 18:00,DS,25
-51.4,23.7,2005364N24324,2005,ZETA,1/7/06 0:00,DS,25
-35.6,23.9,2005364N24324,2005,ZETA,12/30/05 0:00,TS,30
-52.7,24.2,2005364N24324,2005,ZETA,1/7/06 6:00,DS,25
-54.2,24.8,2005364N24324,2005,ZETA,1/7/06 12:00,DS,25
-55.7,26.3,2005364N24324,2005,ZETA,1/7/06 18:00,DS,25
-62,44,2006161N20275,2006,ALBERTO,6/16/06 0:00,ET,55
-64.2,42.6,2006161N20275,2006,ALBERTO,6/15/06 18:00,ET,55
-58.5,46,2006161N20275,2006,ALBERTO,6/16/06 6:00,ET,50
-66.8,40.9,2006161N20275,2006,ALBERTO,6/15/06 12:00,ET,50
-55,47.4,2006161N20275,2006,ALBERTO,6/16/06 12:00,ET,45
-51.5,49.3,2006161N20275,2006,ALBERTO,6/16/06 18:00,ET,40
-69.9,38.8,2006161N20275,2006,ALBERTO,6/15/06 6:00,ET,45
-23,54.5,2006161N20275,2006,ALBERTO,6/18/06 0:00,ET,30
-16,54.5,2006161N20275,2006,ALBERTO,6/18/06 6:00,ET,30
-12,54.5,2006161N20275,2006,ALBERTO,6/18/06 12:00,ET,30
-29,54,2006161N20275,2006,ALBERTO,6/17/06 18:00,ET,35
-45.2,50.8,2006161N20275,2006,ALBERTO,6/17/06 0:00,ET,40
-39,51.5,2006161N20275,2006,ALBERTO,6/17/06 6:00,ET,40
-34.5,53,2006161N20275,2006,ALBERTO,6/17/06 12:00,ET,40
-84.4,28.8,2006161N20275,2006,ALBERTO,6/13/06 6:00,TS,55
-85,28,2006161N20275,2006,ALBERTO,6/13/06 0:00,TS,60
-84.1,29.5,2006161N20275,2006,ALBERTO,6/13/06 12:00,TS,45
-9,55,2006161N20275,2006,ALBERTO,6/18/06 18:00,ET,30
-83.5,30.3,2006161N20275,2006,ALBERTO,6/13/06 18:00,TS,35
-85.4,27.5,2006161N20275,2006,ALBERTO,6/12/06 18:00,TS,60
-83.7,29.9,2006161N20275,2006,ALBERTO,6/13/06 16:30,TS,40
-5.5,56.5,2006161N20275,2006,ALBERTO,6/19/06 0:00,ET,30
-3,57,2006161N20275,2006,ALBERTO,6/19/06 6:00,ET,30
-73,37,2006161N20275,2006,ALBERTO,6/15/06 0:00,ET,45
-86.3,26.8,2006161N20275,2006,ALBERTO,6/12/06 12:00,TS,60
-82.8,31.3,2006161N20275,2006,ALBERTO,6/14/06 0:00,TS,35
-77.5,35.5,2006161N20275,2006,ALBERTO,6/14/06 18:00,ET,35
-87.8,23.6,2006161N20275,2006,ALBERTO,6/11/06 12:00,TS,40
-85.3,21,2006161N20275,2006,ALBERTO,6/10/06 12:00,TS,30
-85.7,21.9,2006161N20275,2006,ALBERTO,6/10/06 18:00,TS,30
-81.9,32.8,2006161N20275,2006,ALBERTO,6/14/06 6:00,TS,30
-86.3,22.5,2006161N20275,2006,ALBERTO,6/11/06 0:00,TS,35
-87.1,23.1,2006161N20275,2006,ALBERTO,6/11/06 6:00,TS,35
-80.7,34.3,2006161N20275,2006,ALBERTO,6/14/06 12:00,ET,35
-85,20,2006161N20275,2006,ALBERTO,6/10/06 6:00,TS,25
-87.8,24.3,2006161N20275,2006,ALBERTO,6/11/06 18:00,TS,40
-87.8,25,2006161N20275,2006,ALBERTO,6/12/06 0:00,TS,40
-87.4,25.8,2006161N20275,2006,ALBERTO,6/12/06 6:00,TS,45
-63.7,41.1,2006198N37291,2006,2006198N37291,7/17/06 18:00,TS,45
-62.1,42.4,2006198N37291,2006,2006198N37291,7/18/06 0:00,TS,40
-65.1,40,2006198N37291,2006,2006198N37291,7/17/06 12:00,TS,40
-60.1,43.7,2006198N37291,2006,2006198N37291,7/18/06 6:00,TS,35
-58,45.5,2006198N37291,2006,2006198N37291,7/18/06 12:00,DS,30
-66.4,39.1,2006198N37291,2006,2006198N37291,7/17/06 6:00,TS,30
-55.8,47.1,2006198N37291,2006,2006198N37291,7/18/06 18:00,DS,25
-68.7,37.2,2006198N37291,2006,2006198N37291,7/16/06 12:00,ET,30
-68.2,37.7,2006198N37291,2006,2006198N37291,7/16/06 18:00,ET,30
-67.6,38.3,2006198N37291,2006,2006198N37291,7/17/06 0:00,ET,30
-52.9,48.6,2006198N37291,2006,2006198N37291,7/19/06 0:00,DS,25
-49.4,49.2,2006198N37291,2006,2006198N37291,7/19/06 6:00,DS,25
-46.1,49.8,2006198N37291,2006,2006198N37291,7/19/06 12:00,DS,25
-66.3,43.8,2006200N32287,2006,BERYL,7/21/06 18:00,ET,35
-70.5,41,2006200N32287,2006,BERYL,7/21/06 6:00,TS,45
-70.1,41.3,2006200N32287,2006,BERYL,7/21/06 6:45,TS,45
-73.2,37.4,2006200N32287,2006,BERYL,7/20/06 6:00,TS,50
-63.3,45.5,2006200N32287,2006,BERYL,7/22/06 0:00,ET,35
-68.4,42.4,2006200N32287,2006,BERYL,7/21/06 12:00,TS,40
-72.5,39.1,2006200N32287,2006,BERYL,7/20/06 18:00,TS,45
-73.2,36.6,2006200N32287,2006,BERYL,7/20/06 0:00,TS,50
-73,38.3,2006200N32287,2006,BERYL,7/20/06 12:00,TS,50
-60,47.2,2006200N32287,2006,BERYL,7/22/06 6:00,ET,35
-71.8,39.8,2006200N32287,2006,BERYL,7/21/06 0:00,TS,45
-73.5,35.9,2006200N32287,2006,BERYL,7/19/06 18:00,TS,50
-56.5,48.5,2006200N32287,2006,BERYL,7/22/06 12:00,ET,30
-73.6,35.2,2006200N32287,2006,BERYL,7/19/06 12:00,TS,40
-73.7,34.5,2006200N32287,2006,BERYL,7/19/06 6:00,TS,35
-73.5,33.8,2006200N32287,2006,BERYL,7/19/06 0:00,TS,35
-73.3,33,2006200N32287,2006,BERYL,7/18/06 18:00,TS,35
-73.3,32.3,2006200N32287,2006,BERYL,7/18/06 12:00,TS,30
-62.2,18.5,2006213N16302,2006,CHRIS,8/2/06 6:00,TS,55
-63,19,2006213N16302,2006,CHRIS,8/2/06 12:00,TS,55
-61.4,18.1,2006213N16302,2006,CHRIS,8/2/06 0:00,TS,50
-60.6,17.7,2006213N16302,2006,CHRIS,8/1/06 18:00,TS,50
-63.9,19.6,2006213N16302,2006,CHRIS,8/2/06 18:00,TS,50
-59.8,17.2,2006213N16302,2006,CHRIS,8/1/06 12:00,TS,40
-64.8,19.9,2006213N16302,2006,CHRIS,8/3/06 0:00,TS,50
-58.9,16.8,2006213N16302,2006,CHRIS,8/1/06 6:00,TS,35
-65.8,20.2,2006213N16302,2006,CHRIS,8/3/06 6:00,TS,40
-70.2,20.8,2006213N16302,2006,CHRIS,8/4/06 6:00,DS,25
-71.1,21.2,2006213N16302,2006,CHRIS,8/4/06 12:00,DS,25
-58.1,16.3,2006213N16302,2006,CHRIS,8/1/06 0:00,TS,30
-67.7,20.6,2006213N16302,2006,CHRIS,8/3/06 18:00,TS,30
-68.7,20.7,2006213N16302,2006,CHRIS,8/4/06 0:00,TS,30
-66.8,20.4,2006213N16302,2006,CHRIS,8/3/06 12:00,TS,35
-75,21.6,2006213N16302,2006,CHRIS,8/5/06 6:00,DS,20
-76.3,21.8,2006213N16302,2006,CHRIS,8/5/06 12:00,DS,20
-77.6,22.1,2006213N16302,2006,CHRIS,8/5/06 18:00,DS,20
-78.9,22.4,2006213N16302,2006,CHRIS,8/6/06 0:00,DS,20
-72.2,21.3,2006213N16302,2006,CHRIS,8/4/06 18:00,DS,25
-73.4,21.5,2006213N16302,2006,CHRIS,8/5/06 0:00,DS,25
-81.7,23.2,2006213N16302,2006,CHRIS,8/6/06 12:00,DS,15
-80.2,22.8,2006213N16302,2006,CHRIS,8/6/06 6:00,DS,20
-35.5,19.2,2006234N12338,2006,DEBBY,8/24/06 6:00,TS,45
-33.9,18.4,2006234N12338,2006,DEBBY,8/24/06 0:00,TS,45
-37.1,20.1,2006234N12338,2006,DEBBY,8/24/06 12:00,TS,45
-38.7,20.9,2006234N12338,2006,DEBBY,8/24/06 18:00,TS,45
-40.2,21.7,2006234N12338,2006,DEBBY,8/25/06 0:00,TS,45
-31,16.7,2006234N12338,2006,DEBBY,8/23/06 12:00,TS,45
-32.4,17.6,2006234N12338,2006,DEBBY,8/23/06 18:00,TS,45
-41.5,22.6,2006234N12338,2006,DEBBY,8/25/06 6:00,TS,45
-29.5,15.7,2006234N12338,2006,DEBBY,8/23/06 6:00,TS,40
-42.7,23.6,2006234N12338,2006,DEBBY,8/25/06 12:00,TS,40
-28.1,14.9,2006234N12338,2006,DEBBY,8/23/06 0:00,TS,35
-26.7,14.2,2006234N12338,2006,DEBBY,8/22/06 18:00,TS,30
-44.1,24.4,2006234N12338,2006,DEBBY,8/25/06 18:00,TS,35
-21.7,11.6,2006234N12338,2006,DEBBY,8/21/06 18:00,TS,30
-22.7,12,2006234N12338,2006,DEBBY,8/22/06 0:00,TS,30
-23.9,12.6,2006234N12338,2006,DEBBY,8/22/06 6:00,TS,30
-25.3,13.4,2006234N12338,2006,DEBBY,8/22/06 12:00,TS,30
-45.1,24.8,2006234N12338,2006,DEBBY,8/26/06 0:00,TS,35
-46.1,25.2,2006234N12338,2006,DEBBY,8/26/06 6:00,TS,30
-46.9,25.7,2006234N12338,2006,DEBBY,8/26/06 12:00,DS,25
-47.5,26.5,2006234N12338,2006,DEBBY,8/26/06 18:00,DS,25
-48.1,27.3,2006234N12338,2006,DEBBY,8/27/06 0:00,DS,25
-48.8,28.3,2006234N12338,2006,DEBBY,8/27/06 6:00,DS,25
-49.1,29.4,2006234N12338,2006,DEBBY,8/27/06 12:00,DS,25
-48.9,30.6,2006234N12338,2006,DEBBY,8/27/06 18:00,DS,25
-48.3,32.1,2006234N12338,2006,DEBBY,8/28/06 0:00,DS,25
-78,34.5,2006237N13298,2006,ERNESTO,9/1/06 6:00,TS,50
-78.1,33.9,2006237N13298,2006,ERNESTO,9/1/06 3:40,TS,60
-78.4,33.2,2006237N13298,2006,ERNESTO,9/1/06 0:00,TS,60
-77.6,35.8,2006237N13298,2006,ERNESTO,9/1/06 12:00,TS,30
-72.7,16.9,2006237N13298,2006,ERNESTO,8/27/06 6:00,TS,65
-79.2,31.9,2006237N13298,2006,ERNESTO,8/31/06 18:00,TS,60
-72,16.3,2006237N13298,2006,ERNESTO,8/27/06 0:00,TS,55
-79.9,30.6,2006237N13298,2006,ERNESTO,8/31/06 12:00,TS,55
-77.2,36.6,2006237N13298,2006,ERNESTO,9/1/06 18:00,ET,40
-70.4,15.1,2006237N13298,2006,ERNESTO,8/26/06 12:00,TS,50
-71.2,15.7,2006237N13298,2006,ERNESTO,8/26/06 18:00,TS,55
-73.4,17.4,2006237N13298,2006,ERNESTO,8/27/06 12:00,TS,55
-69.5,14.6,2006237N13298,2006,ERNESTO,8/26/06 6:00,TS,45
-80.4,29.4,2006237N13298,2006,ERNESTO,8/31/06 6:00,TS,45
-80.7,28.1,2006237N13298,2006,ERNESTO,8/31/06 0:00,TS,35
-80.9,27,2006237N13298,2006,ERNESTO,8/30/06 18:00,TS,35
-81,26.1,2006237N13298,2006,ERNESTO,8/30/06 12:00,TS,35
-68.3,14.3,2006237N13298,2006,ERNESTO,8/26/06 0:00,TS,40
-77,37.1,2006237N13298,2006,ERNESTO,9/2/06 0:00,ET,40
-74,17.8,2006237N13298,2006,ERNESTO,8/27/06 18:00,TS,45
-74.6,18.3,2006237N13298,2006,ERNESTO,8/28/06 0:00,TS,40
-80.6,24.9,2006237N13298,2006,ERNESTO,8/30/06 3:00,TS,40
-80.7,25.2,2006237N13298,2006,ERNESTO,8/30/06 5:00,TS,40
-80.8,25.3,2006237N13298,2006,ERNESTO,8/30/06 6:00,TS,40
-67.1,14,2006237N13298,2006,ERNESTO,8/25/06 18:00,TS,35
-75.2,19.1,2006237N13298,2006,ERNESTO,8/28/06 6:00,TS,40
-80.4,24.7,2006237N13298,2006,ERNESTO,8/30/06 0:00,TS,40
-64.4,13.3,2006237N13298,2006,ERNESTO,8/25/06 6:00,TS,30
-65.8,13.7,2006237N13298,2006,ERNESTO,8/25/06 12:00,TS,35
-75.5,19.9,2006237N13298,2006,ERNESTO,8/28/06 11:15,TS,35
-75.6,20,2006237N13298,2006,ERNESTO,8/28/06 12:00,TS,35
-79.9,23.9,2006237N13298,2006,ERNESTO,8/29/06 18:00,TS,40
-76.8,37.6,2006237N13298,2006,ERNESTO,9/2/06 6:00,ET,40
-78.5,22.4,2006237N13298,2006,ERNESTO,8/29/06 6:00,TS,40
-79.3,23.2,2006237N13298,2006,ERNESTO,8/29/06 12:00,TS,40
-63,13,2006237N13298,2006,ERNESTO,8/25/06 0:00,TS,30
-76.4,20.8,2006237N13298,2006,ERNESTO,8/28/06 18:00,TS,35
-77.4,21.6,2006237N13298,2006,ERNESTO,8/29/06 0:00,TS,35
-76.7,38.2,2006237N13298,2006,ERNESTO,9/2/06 12:00,ET,40
-61.6,12.7,2006237N13298,2006,ERNESTO,8/24/06 18:00,TS,30
-76.7,38.9,2006237N13298,2006,ERNESTO,9/2/06 18:00,ET,40
-76.7,39.9,2006237N13298,2006,ERNESTO,9/3/06 0:00,ET,35
-77.5,43.1,2006237N13298,2006,ERNESTO,9/3/06 12:00,ET,20
-74.4,46.5,2006237N13298,2006,ERNESTO,9/4/06 6:00,ET,20
-77.1,41.3,2006237N13298,2006,ERNESTO,9/3/06 6:00,ET,25
-77,44.5,2006237N13298,2006,ERNESTO,9/3/06 18:00,ET,20
-75.8,45.6,2006237N13298,2006,ERNESTO,9/4/06 0:00,ET,20
-54,46.4,2006247N14321,2006,FLORENCE,9/13/06 18:00,ET,70
-51.3,47.6,2006247N14321,2006,FLORENCE,9/14/06 0:00,ET,65
-48.3,48.6,2006247N14321,2006,FLORENCE,9/14/06 6:00,ET,60
-55.6,45.5,2006247N14321,2006,FLORENCE,9/13/06 12:00,ET,70
-45.2,49.2,2006247N14321,2006,FLORENCE,9/14/06 12:00,ET,55
-56.3,43.1,2006247N14321,2006,FLORENCE,9/13/06 6:00,ET,70
-65.7,32.4,2006247N14321,2006,FLORENCE,9/11/06 12:00,TS,75
-65,33.6,2006247N14321,2006,FLORENCE,9/11/06 18:00,TS,75
-64.1,34.9,2006247N14321,2006,FLORENCE,9/12/06 0:00,TS,70
-66.2,30.4,2006247N14321,2006,FLORENCE,9/11/06 0:00,TS,80
-42.6,49.8,2006247N14321,2006,FLORENCE,9/14/06 18:00,ET,50
-24.5,62.6,2006247N14321,2006,FLORENCE,9/18/06 0:00,ET,50
-63.2,36.3,2006247N14321,2006,FLORENCE,9/12/06 6:00,TS,65
-61.9,37.4,2006247N14321,2006,FLORENCE,9/12/06 12:00,TS,65
-66.1,29.3,2006247N14321,2006,FLORENCE,9/10/06 18:00,TS,80
-26.5,63,2006247N14321,2006,FLORENCE,9/18/06 6:00,ET,50
-60.2,38.5,2006247N14321,2006,FLORENCE,9/12/06 18:00,TS,65
-66.2,31.3,2006247N14321,2006,FLORENCE,9/11/06 6:00,TS,70
-22.5,62,2006247N14321,2006,FLORENCE,9/17/06 18:00,ET,45
-29,63,2006247N14321,2006,FLORENCE,9/18/06 12:00,ET,50
-57.9,40.6,2006247N14321,2006,FLORENCE,9/13/06 0:00,ET,70
-65.9,28.1,2006247N14321,2006,FLORENCE,9/10/06 12:00,TS,75
-21.2,60.9,2006247N14321,2006,FLORENCE,9/17/06 12:00,ET,40
-31.4,63,2006247N14321,2006,FLORENCE,9/18/06 18:00,ET,50
-20.5,58.2,2006247N14321,2006,FLORENCE,9/17/06 0:00,ET,40
-20.6,59.6,2006247N14321,2006,FLORENCE,9/17/06 6:00,ET,40
-65.3,27.1,2006247N14321,2006,FLORENCE,9/10/06 6:00,TS,70
-39.6,50,2006247N14321,2006,FLORENCE,9/15/06 0:00,ET,45
-35.8,49.7,2006247N14321,2006,FLORENCE,9/15/06 6:00,ET,45
-34,62,2006247N14321,2006,FLORENCE,9/19/06 0:00,ET,50
-20.5,56.6,2006247N14321,2006,FLORENCE,9/16/06 18:00,ET,40
-31.7,49.5,2006247N14321,2006,FLORENCE,9/15/06 12:00,ET,45
-20.5,54.6,2006247N14321,2006,FLORENCE,9/16/06 12:00,ET,40
-27.5,49.8,2006247N14321,2006,FLORENCE,9/15/06 18:00,ET,40
-23.9,50.6,2006247N14321,2006,FLORENCE,9/16/06 0:00,ET,40
-21,52.5,2006247N14321,2006,FLORENCE,9/16/06 6:00,ET,40
-64.6,26.2,2006247N14321,2006,FLORENCE,9/10/06 0:00,TS,60
-64,25.1,2006247N14321,2006,FLORENCE,9/9/06 18:00,TS,50
-63.2,24.4,2006247N14321,2006,FLORENCE,9/9/06 12:00,TS,50
-62.3,23.8,2006247N14321,2006,FLORENCE,9/9/06 6:00,TS,50
-61,22.7,2006247N14321,2006,FLORENCE,9/9/06 0:00,TS,50
-51.3,19,2006247N14321,2006,FLORENCE,9/6/06 18:00,TS,45
-51.9,19.3,2006247N14321,2006,FLORENCE,9/7/06 0:00,TS,45
-52.6,19.6,2006247N14321,2006,FLORENCE,9/7/06 6:00,TS,45
-60.1,21.9,2006247N14321,2006,FLORENCE,9/8/06 18:00,TS,45
-53.3,19.9,2006247N14321,2006,FLORENCE,9/7/06 12:00,TS,40
-54.3,20.3,2006247N14321,2006,FLORENCE,9/7/06 18:00,TS,40
-55.7,20.9,2006247N14321,2006,FLORENCE,9/8/06 0:00,TS,40
-57.1,21.5,2006247N14321,2006,FLORENCE,9/8/06 6:00,TS,40
-58.8,21.7,2006247N14321,2006,FLORENCE,9/8/06 12:00,TS,40
-47.8,17.3,2006247N14321,2006,FLORENCE,9/5/06 18:00,TS,40
-48.6,17.6,2006247N14321,2006,FLORENCE,9/6/06 0:00,TS,40
-49.7,18.1,2006247N14321,2006,FLORENCE,9/6/06 6:00,TS,40
-50.6,18.5,2006247N14321,2006,FLORENCE,9/6/06 12:00,TS,45
-46.9,17,2006247N14321,2006,FLORENCE,9/5/06 12:00,TS,35
-39.4,14.1,2006247N14321,2006,FLORENCE,9/3/06 18:00,TS,30
-40,14.7,2006247N14321,2006,FLORENCE,9/4/06 0:00,TS,30
-41,15.4,2006247N14321,2006,FLORENCE,9/4/06 6:00,TS,30
-42.3,16,2006247N14321,2006,FLORENCE,9/4/06 12:00,TS,30
-43.5,16.4,2006247N14321,2006,FLORENCE,9/4/06 18:00,TS,30
-44.8,16.6,2006247N14321,2006,FLORENCE,9/5/06 0:00,TS,30
-46.1,16.8,2006247N14321,2006,FLORENCE,9/5/06 6:00,TS,35
-57.4,27.3,2006254N20306,2006,GORDON,9/14/06 0:00,TS,105
-56.8,28.2,2006254N20306,2006,GORDON,9/14/06 6:00,TS,105
-56.2,29.1,2006254N20306,2006,GORDON,9/14/06 12:00,TS,105
-55.4,29.8,2006254N20306,2006,GORDON,9/14/06 18:00,TS,105
-54.6,30.3,2006254N20306,2006,GORDON,9/15/06 0:00,TS,100
-57.7,26.5,2006254N20306,2006,GORDON,9/13/06 18:00,TS,95
-53.8,30.8,2006254N20306,2006,GORDON,9/15/06 6:00,TS,95
-40.2,38.1,2006254N20306,2006,GORDON,9/19/06 6:00,TS,90
-46.3,37.5,2006254N20306,2006,GORDON,9/18/06 18:00,TS,85
-43.3,38,2006254N20306,2006,GORDON,9/19/06 0:00,TS,85
-53.5,31.1,2006254N20306,2006,GORDON,9/15/06 12:00,TS,85
-14,57,2006254N20306,2006,GORDON,9/22/06 6:00,ET,65
-10.5,54.5,2006254N20306,2006,GORDON,9/22/06 0:00,ET,60
-18.5,56.5,2006254N20306,2006,GORDON,9/22/06 12:00,ET,55
-53.5,31.1,2006254N20306,2006,GORDON,9/15/06 18:00,TS,80
-48.7,36.9,2006254N20306,2006,GORDON,9/18/06 12:00,TS,80
-37,38,2006254N20306,2006,GORDON,9/19/06 12:00,TS,80
-9.5,52.5,2006254N20306,2006,GORDON,9/21/06 18:00,ET,55
-50.6,36.1,2006254N20306,2006,GORDON,9/18/06 6:00,TS,75
-33.5,37.8,2006254N20306,2006,GORDON,9/19/06 18:00,TS,75
-19.5,56,2006254N20306,2006,GORDON,9/22/06 18:00,ET,45
-29.9,37.7,2006254N20306,2006,GORDON,9/20/06 0:00,TS,70
-26.1,37.6,2006254N20306,2006,GORDON,9/20/06 6:00,TS,70
-53.5,31.1,2006254N20306,2006,GORDON,9/16/06 0:00,TS,75
-57.9,25.6,2006254N20306,2006,GORDON,9/13/06 12:00,TS,80
-52.1,35,2006254N20306,2006,GORDON,9/18/06 0:00,TS,75
-20,54.5,2006254N20306,2006,GORDON,9/23/06 0:00,ET,45
-9,48.5,2006254N20306,2006,GORDON,9/21/06 12:00,ET,55
-22.6,37.8,2006254N20306,2006,GORDON,9/20/06 12:00,TS,65
-18.5,38.5,2006254N20306,2006,GORDON,9/20/06 18:00,TS,65
-53.6,31.2,2006254N20306,2006,GORDON,9/16/06 6:00,TS,70
-53.3,33.3,2006254N20306,2006,GORDON,9/17/06 12:00,TS,70
-52.9,34.1,2006254N20306,2006,GORDON,9/17/06 18:00,TS,70
-14,40.1,2006254N20306,2006,GORDON,9/21/06 0:00,ET,60
-58,24.7,2006254N20306,2006,GORDON,9/13/06 6:00,TS,70
-20,52.5,2006254N20306,2006,GORDON,9/23/06 6:00,ET,40
-10.4,43.8,2006254N20306,2006,GORDON,9/21/06 6:00,ET,55
-58.1,24,2006254N20306,2006,GORDON,9/13/06 0:00,TS,65
-53.8,31.3,2006254N20306,2006,GORDON,9/16/06 12:00,TS,65
-53.9,31.5,2006254N20306,2006,GORDON,9/16/06 18:00,TS,65
-53.8,31.9,2006254N20306,2006,GORDON,9/17/06 0:00,TS,65
-53.7,32.4,2006254N20306,2006,GORDON,9/17/06 6:00,TS,65
-17.7,50.7,2006254N20306,2006,GORDON,9/23/06 12:00,ET,35
-14.5,49,2006254N20306,2006,GORDON,9/23/06 18:00,ET,35
-58.2,23.4,2006254N20306,2006,GORDON,9/12/06 18:00,TS,55
-10,48,2006254N20306,2006,GORDON,9/24/06 0:00,ET,30
-8.5,48.5,2006254N20306,2006,GORDON,9/24/06 6:00,ET,30
-8,49,2006254N20306,2006,GORDON,9/24/06 12:00,ET,30
-58.2,22.8,2006254N20306,2006,GORDON,9/12/06 12:00,TS,50
-58,22.3,2006254N20306,2006,GORDON,9/12/06 6:00,TS,50
-7.5,50.5,2006254N20306,2006,GORDON,9/24/06 18:00,ET,25
-57.6,21.8,2006254N20306,2006,GORDON,9/12/06 0:00,TS,50
-57.1,21.4,2006254N20306,2006,GORDON,9/11/06 18:00,TS,40
-56.3,20.9,2006254N20306,2006,GORDON,9/11/06 12:00,TS,35
-55.3,20.6,2006254N20306,2006,GORDON,9/11/06 6:00,TS,30
-54.5,20.3,2006254N20306,2006,GORDON,9/11/06 0:00,TS,30
-53.8,20.2,2006254N20306,2006,GORDON,9/10/06 18:00,TS,25
-49.4,22,2006256N12338,2006,HELENE,9/18/06 6:00,TS,105
-53.5,24.4,2006256N12338,2006,HELENE,9/19/06 18:00,TS,90
-54.4,24.5,2006256N12338,2006,HELENE,9/20/06 0:00,TS,90
-55.2,24.9,2006256N12338,2006,HELENE,9/20/06 6:00,TS,90
-52.5,24.4,2006256N12338,2006,HELENE,9/19/06 12:00,TS,95
-49.7,22.7,2006256N12338,2006,HELENE,9/18/06 12:00,TS,105
-56,25.4,2006256N12338,2006,HELENE,9/20/06 12:00,TS,90
-56.7,25.9,2006256N12338,2006,HELENE,9/20/06 18:00,TS,80
-51.7,24.3,2006256N12338,2006,HELENE,9/19/06 6:00,TS,95
-57,26.8,2006256N12338,2006,HELENE,9/21/06 0:00,TS,80
-49.6,36.4,2006256N12338,2006,HELENE,9/23/06 6:00,TS,80
-47.5,37.1,2006256N12338,2006,HELENE,9/23/06 12:00,TS,80
-50.4,23.6,2006256N12338,2006,HELENE,9/18/06 18:00,TS,95
-51,24,2006256N12338,2006,HELENE,9/19/06 0:00,TS,95
-49.1,21.4,2006256N12338,2006,HELENE,9/18/06 0:00,TS,100
-45.4,37.7,2006256N12338,2006,HELENE,9/23/06 18:00,TS,75
-40.9,39.5,2006256N12338,2006,HELENE,9/24/06 6:00,TS,65
-38.2,40.6,2006256N12338,2006,HELENE,9/24/06 12:00,TS,65
-35.9,42,2006256N12338,2006,HELENE,9/24/06 18:00,ET,65
-34.7,43.2,2006256N12338,2006,HELENE,9/25/06 0:00,ET,65
-43.2,38.6,2006256N12338,2006,HELENE,9/24/06 0:00,TS,70
-57,27.8,2006256N12338,2006,HELENE,9/21/06 6:00,TS,75
-51.7,35.7,2006256N12338,2006,HELENE,9/23/06 0:00,TS,75
-33.3,44.1,2006256N12338,2006,HELENE,9/25/06 6:00,ET,65
-31.7,44.7,2006256N12338,2006,HELENE,9/25/06 12:00,ET,60
-53.7,34.9,2006256N12338,2006,HELENE,9/22/06 18:00,TS,70
-57,29,2006256N12338,2006,HELENE,9/21/06 12:00,TS,75
-55.9,32.5,2006256N12338,2006,HELENE,9/22/06 6:00,TS,70
-55.1,33.6,2006256N12338,2006,HELENE,9/22/06 12:00,TS,70
-57,30.2,2006256N12338,2006,HELENE,9/21/06 18:00,TS,75
-56.6,31.4,2006256N12338,2006,HELENE,9/22/06 0:00,TS,75
-48.8,20.8,2006256N12338,2006,HELENE,9/17/06 18:00,TS,90
-29.8,44.9,2006256N12338,2006,HELENE,9/25/06 18:00,ET,55
-48.4,20.3,2006256N12338,2006,HELENE,9/17/06 12:00,TS,80
-27.6,45,2006256N12338,2006,HELENE,9/26/06 0:00,ET,50
-47.9,19.9,2006256N12338,2006,HELENE,9/17/06 6:00,TS,75
-25.2,45.5,2006256N12338,2006,HELENE,9/26/06 6:00,ET,50
-47.1,19.4,2006256N12338,2006,HELENE,9/17/06 0:00,TS,70
-22.7,46,2006256N12338,2006,HELENE,9/26/06 12:00,ET,50
-20.1,47.2,2006256N12338,2006,HELENE,9/26/06 18:00,ET,45
-46.2,18.9,2006256N12338,2006,HELENE,9/16/06 18:00,TS,65
-45.3,18.4,2006256N12338,2006,HELENE,9/16/06 12:00,TS,65
-10.1,53.9,2006256N12338,2006,HELENE,9/27/06 12:00,ET,40
-7.6,56.3,2006256N12338,2006,HELENE,9/27/06 18:00,ET,40
-17,49,2006256N12338,2006,HELENE,9/27/06 0:00,ET,45
-13.3,51.3,2006256N12338,2006,HELENE,9/27/06 6:00,ET,45
-44.3,17.7,2006256N12338,2006,HELENE,9/16/06 6:00,TS,60
-43.3,17,2006256N12338,2006,HELENE,9/16/06 0:00,TS,60
-42.1,16.2,2006256N12338,2006,HELENE,9/15/06 18:00,TS,55
-40.8,15.5,2006256N12338,2006,HELENE,9/15/06 12:00,TS,50
-39.6,14.8,2006256N12338,2006,HELENE,9/15/06 6:00,TS,45
-38.3,14.4,2006256N12338,2006,HELENE,9/15/06 0:00,TS,40
-35.6,13.6,2006256N12338,2006,HELENE,9/14/06 12:00,TS,40
-37,14,2006256N12338,2006,HELENE,9/14/06 18:00,TS,40
-31.9,12.9,2006256N12338,2006,HELENE,9/14/06 0:00,TS,35
-33.8,13.2,2006256N12338,2006,HELENE,9/14/06 6:00,TS,35
-30,12.5,2006256N12338,2006,HELENE,9/13/06 18:00,TS,30
-22,11.9,2006256N12338,2006,HELENE,9/12/06 12:00,TS,25
-23.2,11.9,2006256N12338,2006,HELENE,9/12/06 18:00,TS,30
-24.6,11.9,2006256N12338,2006,HELENE,9/13/06 0:00,TS,30
-26.1,12,2006256N12338,2006,HELENE,9/13/06 6:00,TS,30
-28,12.2,2006256N12338,2006,HELENE,9/13/06 12:00,TS,30
-60.2,32.8,2006271N26307,2006,ISAAC,10/1/06 6:00,TS,75
-60.3,33.8,2006271N26307,2006,ISAAC,10/1/06 12:00,TS,70
-60.3,35.2,2006271N26307,2006,ISAAC,10/1/06 18:00,TS,70
-59.8,32,2006271N26307,2006,ISAAC,10/1/06 0:00,TS,75
-59.6,37.2,2006271N26307,2006,ISAAC,10/2/06 0:00,TS,65
-58,39.8,2006271N26307,2006,ISAAC,10/2/06 6:00,TS,65
-59.2,31.3,2006271N26307,2006,ISAAC,9/30/06 18:00,TS,70
-56.2,42.5,2006271N26307,2006,ISAAC,10/2/06 12:00,TS,60
-58.5,30.6,2006271N26307,2006,ISAAC,9/30/06 12:00,TS,65
-53.7,45.5,2006271N26307,2006,ISAAC,10/2/06 18:00,TS,55
-57.7,30.1,2006271N26307,2006,ISAAC,9/30/06 6:00,TS,60
-51,47.6,2006271N26307,2006,ISAAC,10/3/06 0:00,ET,55
-57.1,29.8,2006271N26307,2006,ISAAC,9/30/06 0:00,TS,60
-49,48.6,2006271N26307,2006,ISAAC,10/3/06 6:00,ET,45
-47,49.5,2006271N26307,2006,ISAAC,10/3/06 12:00,ET,35
-56.5,29.5,2006271N26307,2006,ISAAC,9/29/06 18:00,TS,50
-55.8,29.2,2006271N26307,2006,ISAAC,9/29/06 12:00,TS,45
-54.4,28,2006271N26307,2006,ISAAC,9/28/06 12:00,TS,40
-54.6,28.6,2006271N26307,2006,ISAAC,9/28/06 18:00,TS,40
-54.9,28.9,2006271N26307,2006,ISAAC,9/29/06 0:00,TS,40
-55.4,29,2006271N26307,2006,ISAAC,9/29/06 6:00,TS,40
-54,27.4,2006271N26307,2006,ISAAC,9/28/06 6:00,TS,35
-52.6,26.1,2006271N26307,2006,ISAAC,9/27/06 18:00,TS,30
-53.4,26.8,2006271N26307,2006,ISAAC,9/28/06 0:00,TS,30